code,funding_commencement_year,grant_status,funding_at_announcement,funding_current,administering_organisation,chief_investigators,chief_investigators_orcids
DP250100164,2025,Active,618568,634722.0,Flinders University,Prof Matthew Fitzpatrick; A/Prof Tomoko Akami; Dr Prudence Flowers; Dr Kristie Flannery,0000-0001-6642-2319; 0000-0002-3746-8112; 0000-0001-9087-3048
DP250101453,2025,Active,604943,631911.0,Western Sydney University,Prof Paola Escudero; A/Prof Chloé Diskin-Holdaway,0000-0001-9196-1744
DP250103039,2025,Active,824684,857458.0,The University of New South Wales,Prof Mike Letnic; Dr Adrian Fisher; Prof Heloise Gibb; Prof William Cornwell,0000-0003-4191-8427; 0000-0002-6903-8053; 0000-0001-7194-0620; 0000-0003-4080-4073
DP250101116,2025,Active,914548,942285.0,Western Sydney University,A/Prof Andrew Milne; Prof Roger Dean; Prof Emery Schubert; Dr Catherine Ingram; Dr Hannah Sarvasy,0000-0002-4688-8004; 0000-0002-8859-8902; 0000-0002-7663-8268; 0000-0002-9551-480X
DP250102648,2025,Active,496803,515987.0,The University of Queensland,Dr Jonathan Redshaw; Dr Natasha Matthews; Prof Iroise Dumontheil,0000-0002-7729-1577; 0000-0001-5236-7849
DP250101325,2025,Active,838885,848509.0,Western Sydney University,Prof Susan Hespos; Dr Genevieve Quek,0000-0002-7970-1330; 0000-0002-5905-8405
DP250104994,2025,Active,557078,576151.0,Western Sydney University,Dr Hannah Sarvasy,0000-0002-9551-480X
DP250100576,2025,Active,664600,691471.0,The University of Sydney,Dr Fengwang Li; Prof Suresh Bhatia,0000-0003-1531-2966; 0000-0001-9716-0112
DP250100574,2025,Active,606192,630244.0,The University of New South Wales,Prof Cyrille Boyer; Dr Dipan Kundu; Dr Priyank Vijaya Kumar; A/Prof Jin Zhang; Dr Nathaniel Corrigan,0000-0002-4564-4702; 0000-0001-5244-9836; 0000-0002-8203-7223; 0000-0002-4257-8148; 0000-0001-7876-1908
DP250100553,2025,Active,867200,893742.0,The University of Melbourne,A/Prof Michael Haydon; Prof Alexander Johnson; A/Prof Mohammad Pourkheirandish,0000-0003-2486-9387; 0000-0002-1209-6447; 0000-0003-4337-3600
DP250100105,2025,Active,548626,571538.0,Australian Catholic University,Prof Kathy Mills; Prof Len Unsworth; Prof Garry Falloon; A/Prof Laura Scholes,0000-0003-1140-3545; 0000-0002-6369-8771; 0000-0002-8849-2825
DP250101423,2025,Active,822191,840307.0,Deakin University,Prof Anita Harris; Prof Loretta Baldassar,0000-0001-6246-4773
DP250100868,2025,Active,227185,237654.0,Swinburne University of Technology,Prof Sergey Suslov; A/Prof Andrey Pototsky,0000-0002-0998-2712; 0000-0001-6139-6545
DP250100400,2025,Active,774903,808843.0,The Australian National University,Prof Andrew Stuchbery,
DP250100172,2025,Active,545825,569280.0,The University of Adelaide,Dr Alexander Francke; A/Prof Timothy Cohen; A/Prof Lee Arnold; Prof Kathryn Amos,0000-0002-0370-5802; 0000-0001-9603-3824; 0000-0003-0306-7588
DP250101011,2025,Active,535635,560261.0,La Trobe University,Prof Jason Dutton; Prof David Wilson; Prof Jason Smith,0000-0002-0361-4441; 0000-0002-0007-4486; 0000-0001-6313-3298
DP250104212,2025,Active,252645,257501.0,The University of Western Australia,Prof Jakob Madsen,
DP250100936,2025,Active,555092,588613.0,The University of Adelaide,Prof Simon Holford; A/Prof Rosalind King; Prof Graham Heinson,0000-0002-4524-8822; 0000-0001-9160-996X
DP250103319,2025,Active,658069,680600.0,The University of Adelaide,Em/Prof Stephen Tyerman,0000-0003-2455-1643
DP250100477,2025,Active,584400,607080.0,The University of Melbourne,Dr Stuart Johnston,
DP250100387,2025,Active,415519,431223.0,The University of Newcastle,A/Prof Steven Threadgold; A/Prof Julia Coffey; Dr Julia Cook,0000-0003-2443-9619; 0000-0001-7388-6592; 0000-0002-1592-915X
DP250102520,2025,Active,464032,492398.0,The University of Melbourne,Prof Jocelyn (Lyn) Craig; Prof Michael Bittman,
DP250102063,2025,Active,320000,330998.0,The University of New South Wales,Prof Alison Bashford,0000-0003-1703-5843
DP250103029,2025,Active,684181,710495.0,The University of New South Wales,A/Prof Shiyang Tang; Dr Yi Li,0000-0002-3079-8880; 0000-0003-2226-5918
DP250100345,2025,Active,979929,1008218.0,The University of New South Wales,Prof Gavan McNally; Dr Joanna Yau,0000-0003-2235-5956
DP250100308,2025,Active,894043,932192.0,The University of Adelaide,Prof Nigel Cook,0000-0002-7470-3935
DP250103551,2025,Active,625910,649856.0,The University of Queensland,Dr Tyler Neely; Prof Halina Rubinsztein-Dunlop,0000-0002-5691-4982
DP250101730,2025,Active,615000,639562.0,The University of Queensland,Prof Kate Schroder; Dr Sabrina Burgener,0000-0001-9261-3805; 0000-0002-9332-7998
DP250100622,2025,Active,569717,598428.0,The University of Melbourne,Dr Charlotte Petersen; Dr James Hutchison; Prof Paul Mulvaney; Prof Brendan Abrahams,0000-0002-5326-9703; 0000-0002-0595-9961; 0000-0002-8007-3247; 0000-0003-2957-860X
DP250101876,2025,Active,478772,498184.0,The Australian National University,Prof Celia Roberts; Prof Mary Louise Rasmussen; Prof Helen Keane,0000-0002-6103-3514; 0000-0002-6042-306X
DP250102530,2025,Active,686500,712626.0,The University of Queensland,Dr Matthew Holden; Prof Hugh Possingham; A/Prof Kate Helmstedt,0000-0003-0201-5348
DP250102107,2025,Active,603391,627406.0,The University of Queensland,Prof John Zhu; Dr Rijia Lin,0000-0001-6430-5231
DP250100070,2025,Active,655000,676263.0,The Australian National University,Prof Eduardo Eyras; Dr Gaetan Burgio; A/Prof Amee George; Dr Nikolay Shirokikh,0000-0003-0793-6218; 0000-0002-7434-926X; 0000-0002-0265-4476; 0000-0001-8249-358X
DP250102334,2025,Active,578296,601982.0,The University of Queensland,Prof John Zhu,
DP250100103,2025,Active,666818,694675.0,The Australian National University,Prof John Rathjen,0000-0003-4073-8088
DP250100887,2025,Active,356993,371098.0,The University of Sydney,Prof Kristie Miller; Prof David Braddon-Mitchell,0000-0002-5092-8419
DP250100462,2025,Active,627136,652579.0,The University of Sydney,Prof Yonghui Li; Dr Wanchun Liu; Prof Daniel Quevedo,0000-0003-1616-5224
DP250101387,2025,Active,310000,317943.0,Monash University,A/Prof Xiaoping Fang; Prof Baogang He,
DP250104263,2025,Active,562747,579069.0,The University of Queensland,Prof Jochen Mueller; A/Prof Leisa-Maree Toms; Dr Sandra Nilsson; Dr Kayla Smurthwaite,0000-0002-0000-1973; 0000-0002-1444-1638; 0000-0002-1030-7167; 0000-0003-4904-4189
DP250103137,2025,Active,682105,719164.0,Swinburne University of Technology,Prof John McCormick; Prof Mats Isaksson; Prof Jonathan Roberts; A/Prof Petra Gemeinboeck; Dr Stephanie Hutchison,0000-0002-5347-0378; 0000-0003-3047-6811; 0000-0003-2318-3623; 0000-0001-9023-3649; 0000-0003-2172-772X
DP250103273,2025,Active,945000,980682.0,The University of Queensland,Prof Jason Mattingley; Prof Paul Dux,0000-0002-4270-2583
DP250103623,2025,Active,828790,874222.0,The Australian National University,Dr Joanna Melonek; Prof Ian Small,0000-0003-4471-2520; 0000-0001-5300-1216
DP250100041,2025,Active,633725,665230.0,The University of New South Wales,Dr Felix Rizzuto; Prof Jonathon Beves; Dr Peter Wich,0000-0003-2799-903X; 0000-0002-5997-6580; 0000-0003-1522-0340
DP250100081,2025,Active,516000,525165.0,The University of New South Wales,Dr Felix Rizzuto; A/Prof Anna Wang; A/Prof Lawrence Lee; Prof Pall Thordarson,0000-0003-2799-903X; 0000-0002-2148-1996; 0000-0002-4453-4886; 0000-0002-1200-8814
DP250100970,2025,Active,573465,604723.0,Queensland University of Technology,A/Prof Hendrik Frisch; Dr Berwyck Poad,0000-0001-8490-5082; 0000-0002-0420-6116
DP250103242,2025,Active,777348,808230.0,The University of Queensland,Prof Frederic Meunier; Dr Adekunle Bademosi,0000-0001-6400-1107; 0000-0001-5157-8572
DP250102307,2025,Active,529832,549369.0,The University of Adelaide,Dr Benjamin Liffner,0000-0002-1573-6139
DP250100918,2025,Active,819000,856637.0,The University of Melbourne,Prof Megan Maher; Prof Marilyn Anderson,0000-0003-0848-9640; 0000-0002-8257-5128
DP250101408,2025,Active,512968,534416.0,Griffith University,Prof Sarah Baker,0000-0003-3872-6889
DP250101726,2025,Active,657243,686092.0,The University of Queensland,Prof Lianzhou Wang; Dr Miaoqiang Lyu,0000-0002-5947-306X; 0000-0003-0212-4325
DP250101210,2025,Active,520387,546832.0,Griffith University,Prof Hong Guan; A/Prof Hassan Karampour; A/Prof Benoit Gilbert,0000-0003-2868-7505
DP250100285,2025,Active,848300,881929.0,Flinders University,Prof Michelle Coote; Prof Alexander Bissember,0000-0001-5515-2878
DP250101509,2025,Active,723503,753747.0,The University of New South Wales,Prof Chuan Zhao; Dr Quentin Meyer,0000-0001-6418-9680
DP250100512,2025,Active,501974,523801.0,The University of Melbourne,Dr Matthew Champion,
DP250104216,2025,Active,610191,634126.0,Monash University,Dr Luke Formosa,0000-0002-7740-6151
DP250101827,2025,Active,607909,631178.0,University of Technology Sydney,Dr Can Ding; Prof Yingjie Jay Guo,0000-0002-2629-1657; 0000-0001-6008-9682
DP250101725,2025,Active,582341,605270.0,University of Technology Sydney,Prof Yang Yang,0000-0001-7439-2156
DP250101545,2025,Active,479000,503928.0,The University of Melbourne,Prof Laura Tarzia; A/Prof Bianca Fileborn; Prof Deborah Loxton; Prof Heather Douglas; Dr Mandy McKenzie,0000-0002-0220-4985; 0000-0002-2650-3592; 0000-0003-2506-8653
DP250102952,2025,Active,510636,530336.0,University of Technology Sydney,Prof Mingsheng Ying; Prof Sanjiang Li; Dr Yuval Sanders,0000-0001-8003-0039
DP250102613,2025,Active,526766,549719.0,University of Technology Sydney,Prof Zhenguo Huang; A/Prof Qiang Fu; Dr Limei Yang,0000-0003-1985-0884; 0000-0002-4012-330X; 0000-0003-0123-1540
DP250100348,2025,Active,503496,522851.0,University of Technology Sydney,Prof Qilin Wang; Dr Xuan Li; Prof Steven Djordjevic; A/Prof Scott Beatson; Em/Prof Saravanamuthu Vigneswaran,0000-0002-5744-2331; 0000-0003-1768-9556; 0000-0001-9301-5372; 0000-0002-1806-3283; 0000-0002-8117-4322
DP250100362,2025,Active,494783,513904.0,University of Technology Sydney,Prof JC Ji; Prof Jianchun Li,0000-0003-3280-5463
DP250100382,2025,Active,467529,484560.0,University of Technology Sydney,A/Prof Ramona Vijeyarasa; Prof Kim Rubenstein; Prof Jacqueline Mowbray,0000-0003-4581-4924; 0000-0001-5885-4453; 0000-0002-2021-0596
DP250100430,2025,Active,385450,389360.0,University of Technology Sydney,Dr Nathan Kettlewell; Prof Denzil Fiebig; Dr Vanessa Scarf; Prof Kei Lui; Dr Serena Yu,0000-0002-0478-1372; 0000-0003-3503-9610; 0000-0001-9884-3521; 0000-0002-1070-113X
DP250100455,2025,Active,548626,553881.0,University of Technology Sydney,Prof Mikhail Anufriev; Prof Valentyn Panchenko,0000-0002-1842-6814; 0000-0003-3144-7502
DP250100463,2025,Active,507636,527702.0,University of Technology Sydney,A/Prof Bo Liu,0000-0002-3603-6617
DP250100780,2025,Active,677000,704128.0,University of Technology Sydney,Prof Phil Hansbro; Prof Gabrielle Belz; Dr Alen Faiz; Dr Kurtis Budden,0000-0002-9660-9587; 0000-0003-1740-3538; 0000-0002-7435-275X
DP250102243,2025,Active,605380,617373.0,University of Technology Sydney,Prof Peter Siminski; Prof Roger Wilkins; Dr Nathan Deutscher,0000-0002-3099-8049; 0000-0002-8548-757X; 0000-0003-2568-6291
DP250101003,2025,Active,682338,708197.0,University of Technology Sydney,Dr Gungun Lin; Prof Majid Ebrahimi Warkiani; A/Prof Yuenyee Cheng,0000-0002-4184-1944; 0000-0001-7060-0624
DP250100007,2025,Active,356158,359977.0,The Australian National University,Dr Charlie Crimston; Prof Jolanda Jetten,0000-0002-4529-786X; 0000-0002-7588-5355
DP250101026,2025,Active,594214,618137.0,University of Technology Sydney,Prof Rachel Landers; Mr Matthew Gidney; Dr Amy Bottomley; Dr Pat Grant; A/Prof Louise Cole,0000-0001-7593-3321; 0000-0002-0580-488X; 0000-0003-0255-0869; 0000-0002-8223-3064; 0000-0001-9206-9272
DP250100999,2025,Active,605810,628841.0,University of Technology Sydney,A/Prof Iain Duggin; Dr Yan Liao,0000-0003-4868-7350; 0000-0002-8492-2648
DP250103612,2025,Active,572638,595516.0,University of Technology Sydney,Prof Chin-Teng Lin; Dr Zehong Cao; Dr Thomas Do,0000-0001-8371-8197; 0000-0003-3656-0328; 0000-0002-8597-5944
DP250103803,2025,Active,540000,560774.0,University of Technology Sydney,Prof Zhenguo Huang; Prof Haibo Yu; Dr Limei Yang,0000-0003-1985-0884; 0000-0002-1099-2803; 0000-0003-0123-1540
DP250101576,2025,Active,409935,427792.0,University of Technology Sydney,A/Prof Guodong Long; Prof Chengqi Zhang,0000-0003-3740-9515; 0000-0001-5715-7154
DP250102651,2025,Active,738998,768384.0,Monash University,Dr Kate McArthur; Prof Michael Ryan,0000-0002-8838-4146; 0000-0003-2586-8829
DP250101775,2025,Active,576807,599789.0,Western Sydney University,Prof Vivian Tam; A/Prof Khoa Le,0000-0002-1074-8018; 0000-0003-1405-3843
DP250100833,2025,Active,364958,377846.0,The University of Queensland,Prof Thomas Suddendorf; Dr Sarah Coundouris; Dr Kristy Armitage,0000-0003-3328-7442; 0000-0003-2084-2929; 0000-0002-1898-8622
DP250104147,2025,Active,631860,661722.0,The University of Western Australia,Dr Natasha LeBas; Prof Leigh Simmons,
DP250102837,2025,Active,830000,863605.0,Monash University,Dr Kate McArthur,0000-0002-8838-4146
DP250105063,2025,Active,910239,947249.0,The University of Queensland,A/Prof Jana Vukovic,0000-0002-3739-1688
DP250101673,2025,Active,678542,705486.0,Swinburne University of Technology,Prof Duncan Forbes; Prof Kenji Bekki; Prof Warrick Couch; Prof Jean Brodie,0000-0001-5590-5518; 0000-0002-9658-8763
DP250100727,2025,Active,807114,830096.0,The University of New South Wales,Prof Brett Hayes; Prof Andrew Perfors,0000-0003-1415-0088; 0000-0002-6976-0732
DP250101606,2025,Active,836000,870582.0,Monash University,A/Prof Kate Lawlor; A/Prof Thomas Naderer,0000-0003-0471-6842; 0000-0003-2691-0283
DP250100004,2025,Active,471300,489349.0,The University of New South Wales,Prof Vaithilingam Jeyakumar; Prof Guoyin Li; Dr Mareike Dressler,0000-0002-2099-7974; 0000-0002-5684-4101
DP250101672,2025,Active,574888,597349.0,The University of Adelaide,A/Prof John Semmler; Dr George Opie,0000-0003-0260-8047; 0000-0001-7771-7569
DP250100026,2025,Active,534577,554357.0,Monash University,Dr Mark Edmonds; Prof Michael Fuhrer,
DP250100063,2025,Active,607919,632416.0,Monash University,Prof Jiti Gao; Prof Bin Peng; Prof Shuping Shi; Dr WEI WEI; Dr Timothy Neal,0000-0003-4231-4713; 0000-0001-8571-3066; 0000-0001-8360-2469; 0000-0003-1125-4009
DP250100091,2025,Active,665767,692385.0,Monash University,A/Prof Luca Fiorenza; A/Prof Jing Fu,0000-0001-7110-3398; 0000-0002-7752-5417
DP250100158,2025,Active,1053670,1095379.0,Monash University,Prof Peter Scammells; Prof Arthur Christopoulos,0000-0003-2930-895X
DP250100229,2025,Active,464003,479956.0,Monash University,A/Prof Ron Steinfeld; A/Prof Amin Sakzad; Dr Muhammed Esgin,0000-0003-1745-4183; 0000-0003-4569-3384; 0000-0003-1650-3748
DP250100230,2025,Active,549325,566679.0,Monash University,Prof Jon McCormack; Prof Roland Snooks,0000-0001-6328-5064; 0000-0002-0201-9915
DP250100242,2025,Active,667596,693942.0,Monash University,Prof Jeffrey Walker; Prof Jason Beringer; A/Prof Brian Ng; Dr Qiaoyun Xie,0000-0002-4619-8361; 0000-0002-8316-4996; 0000-0002-1576-6610
DP250100262,2025,Active,790750,812947.0,Monash University,Prof Dinh Phung; A/Prof Mehrtash Harandi; Dr Trung Le; Dr Jing Zhang; Prof Jianfei Cai,0000-0002-9977-8247; 0000-0002-6937-6300; 0000-0003-0414-9067; 0000-0002-8516-0913; 0000-0002-9444-3763
DP250100272,2025,Active,515966,536552.0,Monash University,Prof Peter Stuckey; Dr Alexey Ignatiev,0000-0003-2186-0459; 0000-0002-4535-2902
DP250100291,2025,Active,700000,727861.0,Monash University,Prof Kim Good-Jacobson,0000-0003-1891-7274
DP250100464,2025,Active,715555,749924.0,Monash University,Prof Andrew Mackintosh; Prof Steven Chown; Dr Justine Shaw,0000-0002-6430-4711; 0000-0001-6069-5105; 0000-0002-9603-2271
DP250100501,2025,Active,539742,561640.0,Monash University,Prof Bob Wong,0000-0001-9352-6500
DP250100659,2025,Active,981389,1012441.0,Monash University,Prof Melodie McGeoch; Dr David Dehling,0000-0003-3388-2241; 0000-0002-2863-5580
DP250100785,2025,Active,361558,375663.0,Monash University,Prof Dayna Simpson; Dr Yi Zhou; Prof Marie Segrave,0000-0003-1698-4043; 0000-0001-7878-7569; 0000-0002-1539-8942
DP250100935,2025,Active,563591,586465.0,Monash University,A/Prof Scott Findlay,0000-0003-4862-4827
DP250100953,2025,Active,549734,558248.0,Monash University,A/Prof Caroline Henckels; Dr Elizabeth Sheargold; A/Prof Jonathan Bonnitcha,0000-0002-1833-4610; 0000-0001-7638-4184; 0000-0002-1149-6983
DP250101009,2025,Active,573825,597894.0,Monash University,Prof Malin Premaratne,0000-0002-2419-4431
DP250101167,2025,Active,670000,695662.0,Monash University,A/Prof Marcus Kitchen; A/Prof Timur Gureyev; Prof Stuart Hooper,0000-0002-0029-6660; 0000-0002-1103-0649
DP250101202,2025,Active,889969,926110.0,Monash University,A/Prof JEROME LE NOURS; Prof Anthony Purcell,0000-0002-2221-7636; 0000-0003-0532-8331
DP250101283,2025,Active,596500,618679.0,Monash University,Prof Alan Petersen; Dr Claire Tanner,0000-0002-2755-0227
DP250101360,2025,Active,501618,523391.0,Monash University,Prof Aijun Huang; Prof Peter Hodgson,0000-0002-9795-2168
DP250101586,2025,Active,815374,847062.0,Monash University,Dr Stanley Cheng Xie; Prof Leann Tilley; Dr Glen Carter,0000-0001-7003-4677; 0000-0002-7306-9362
DP250101727,2025,Active,540000,561996.0,Monash University,A/Prof Angus Johnston; Prof Georgina Such,0000-0001-5611-4515; 0000-0002-2868-5799
DP250101768,2025,Active,956200,983206.0,Monash University,Prof Marcello Rosa; Dr Daisuke Shimaoka; Dr James Pang,0000-0002-2461-2760
DP250101843,2025,Active,533628,544087.0,Monash University,A/Prof Liton Kamruzzaman; Prof Hai Vu; Prof Graham Currie,0000-0001-7113-942X; 0000-0001-6984-2060
DP250101863,2025,Active,689493,715532.0,Monash University,A/Prof Christen Mirth; A/Prof Matthew Piper,0000-0002-9765-4021; 0000-0003-3245-7219
DP250101965,2025,Active,799927,823598.0,Monash University,Prof Damian Dowling; Dr Heather Flores,0000-0003-2209-3458; 0000-0001-5003-7547
DP250102064,2025,Active,728445,759589.0,Monash University,Prof Michael Fuhrer; Prof Dr Stefan Maier,
DP250102065,2025,Active,1028188,1069601.0,Monash University,Prof Jamie Rossjohn; Prof Anthony Purcell,0000-0003-0532-8331
DP250102067,2025,Active,601000,624951.0,Monash University,Prof David Chapple; Dr Jodi Rowley; Dr Jessica Walsh; A/Prof Conrad Hoskin,0000-0002-7720-6280; 0000-0002-2011-9143; 0000-0002-5284-4323; 0000-0001-8116-6085
DP250102224,2025,Active,1107087,1140134.0,Monash University,A/Prof Trevor Chong; A/Prof James Coxon,0000-0001-7764-3811; 0000-0003-2351-8489
DP250102271,2025,Active,783398,813337.0,Monash University,Dr Jie Tang; Prof Michelle McIntosh,0000-0001-8210-9015
DP250102391,2025,Active,978943,1013158.0,Monash University,A/Prof Angus Johnston; Dr Enyuan Cao,0000-0001-5611-4515; 0000-0002-9689-4517
DP250102452,2025,Active,728000,757328.0,Monash University,A/Prof Natalie Trevaskis; Dr Sarah Turpin-Nolan,0000-0001-9538-549X; 0000-0002-7469-7934
DP250102553,2025,Active,837277,862406.0,Monash University,Prof Roger Pocock,0000-0002-5515-3608
DP250102726,2025,Active,753501,782126.0,Monash University,Dr Meiling Han; Prof Jian Li; Dr Nitin Patil,0000-0002-0861-2437; 0000-0003-0422-9411
DP250102783,2025,Active,966172,996097.0,Monash University,A/Prof Alexandr Simonov; Prof Douglas MacFarlane; Dr Andrew Christofferson,0000-0003-3063-6539; 0000-0003-0904-6630
DP250102787,2025,Active,165762,170108.0,Monash University,A/Prof Stephanie Collins; A/Prof Terry Macdonald; A/Prof Luara Ferracioli,0000-0002-9105-8886; 0000-0001-9784-0302
DP250102830,2025,Active,621344,643709.0,Monash University,A/Prof Jessica Kasza; Prof Andrew Forbes,0000-0002-8940-0136; 0000-0003-4269-914X
DP250102842,2025,Active,615670,639231.0,Monash University,Dr Karolina Matuszek; Prof Douglas MacFarlane; Prof Rico Tabor,0000-0001-8979-5927; 0000-0003-2926-0095
DP250102951,2025,Active,636811,660893.0,Monash University,Dr Tracy Josephs; Prof Patrick Sexton,0000-0002-7799-3683
DP250102966,2025,Active,588848,610694.0,Monash University,Dr Amelia Liu; Dr Timothy Petersen,0000-0001-7764-5067; 0000-0002-8714-1484
DP250102988,2025,Active,684175,709970.0,Monash University,A/Prof John Quinn; Prof Benjamin Boyd; Dr Wye Khay Fong,0000-0002-4593-1170; 0000-0001-5434-590X; 0000-0002-0437-9332
DP250103030,2025,Active,366222,381139.0,Monash University,Prof David Lupton,0000-0002-0958-4298
DP250103032,2025,Active,651227,664552.0,Monash University,A/Prof Sharna Jamadar; Prof Gary Egan,0000-0001-7222-7181; 0000-0002-3186-4026
DP250103072,2025,Active,679420,708393.0,Monash University,Prof Kieran Harvey,
DP250103243,2025,Active,511740,536637.0,Monash University,Prof Carla Sgro; Prof Ary Hoffmann,0000-0001-7950-2246; 0000-0001-9497-7645
DP250103251,2025,Active,563680,586294.0,Monash University,Prof Andreas Ernst; Prof Xiaodong Li; Dr Yuan Sun,0000-0002-1101-8359; 0000-0003-2911-0070
DP250103521,2025,Active,576850,597872.0,Monash University,Prof Dena Lyras; Dr Yogitha Srikhanta,
DP250103525,2025,Active,794523,825776.0,Monash University,Prof Jian-Feng Nie,
DP250103575,2025,Active,878182,905630.0,Monash University,Prof Christopher Hutchinson,
DP250103601,2025,Active,540000,561385.0,Monash University,Prof Warwick Tucker,0000-0001-9888-944X
DP250103746,2025,Active,476124,495074.0,Monash University,Prof Meera Parish; A/Prof Jesper Levinsen,0000-0001-8705-0171; 0000-0002-2010-3512
DP250103750,2025,Active,208399,216008.0,Monash University,Prof Julie Kalman,0000-0002-4495-8179
DP250103795,2025,Active,1396173,1456939.0,Monash University,Prof Patrick Sexton; Dr Matthew Belousoff,0000-0002-3229-474X
DP250103974,2025,Active,572105,594068.0,Monash University,Prof Philip Chan,0000-0002-8786-6143
DP250104109,2025,Active,1026616,1057795.0,Monash University,Prof Zane Andrews,0000-0002-9097-7944
DP250104165,2025,Active,743667,772745.0,Monash University,Dr Maureen Hagan; A/Prof Yan Wong,0000-0003-4965-2731; 0000-0002-5281-8221
DP250104201,2025,Active,435000,451497.0,Monash University,Dr James Saunderson,0000-0002-5456-0180
DP250104240,2025,Active,1117985,1151590.0,Monash University,Prof Christina Mitchell; Dr Meagan McGrath,0000-0002-9414-6558
DP250104242,2025,Active,801000,832649.0,Monash University,Prof Christina Mitchell; Prof Ian Smyth; Dr Elizabeth Davies,0000-0003-1838-536X
DP250104274,2025,Active,623274,648504.0,Monash University,A/Prof Wendy Imlach; Prof Arthur Christopoulos,0000-0002-7521-9969
DP250104378,2025,Active,701415,731230.0,Monash University,Prof John Forsythe; Em/Prof Helena Parkington; A/Prof Levin Kuhlmann; Prof Marie-Isabel Aguilar,0000-0003-2849-229X; 0000-0002-0590-651X; 0000-0002-5108-6348; 0000-0002-0234-4064
DP250104571,2025,Active,669050,694992.0,Monash University,Prof Karla Hutt; Dr Jessica Stringer; Dr Amy Winship,0000-0002-5111-8389; 0000-0003-4729-3026; 0000-0001-7848-1447
DP250104773,2025,Active,841033,870367.0,Monash University,Prof Darren Creek; A/Prof Danny Wilson,0000-0001-7497-7082; 0000-0002-5073-1405
DP250104894,2025,Active,720000,749328.0,Monash University,Prof Chen Davidovich,0000-0002-1085-6094
DP250105091,2025,Active,498891,517471.0,Monash University,A/Prof Rigissa Megalokonomou,0000-0002-5687-671X
DP250103744,2025,Active,569636,592024.0,The Australian National University,A/Prof Po-Lam Yung; Prof Neil Trudinger,0000-0002-0441-3625
DP250100759,2025,Active,540000,543666.0,The Australian National University,Dr Adele Morrison; Prof Matthew England; Dr Madelaine Gamble Rosevear,0000-0002-9904-4980; 0000-0003-4254-843X
DP250101115,2025,Active,803784,842716.0,The University of Adelaide,Prof Paul Thomas,
DP250100915,2025,Active,741300,772285.0,The University of New South Wales,Prof Richard Tilley; Dr Minkyung Kang; Dr Priyank Vijaya Kumar,0000-0003-3248-8496; 0000-0002-8203-7223
DP250104348,2025,Active,493106,517295.0,Queensland University of Technology,A/Prof Kathleen Mullen; Dr David Marshall,0000-0003-4480-0985; 0000-0002-1711-2338
DP250101396,2025,Active,596429,626628.0,The University of New South Wales,A/Prof Yulei Sui; Dr Hammond Pearce,0000-0002-9510-6574; 0000-0002-3488-7004
DP250100107,2025,Active,897000,932071.0,The University of Sydney,Prof Fiona White; Dr Mike Seymour,0000-0002-8477-1202
DP250101007,2025,Active,753024,781766.0,The University of New South Wales,Dr Karly Turner; Prof Andrew Killcross,0000-0003-3714-5118
DP250101156,2025,Active,640350,666332.0,Charles Sturt University,Prof Muhammad J. A. Shiddiky; Prof Chamindie Punyadeera; Dr Tanveer Hussain; Dr Kevin Koo,0000-0003-4526-4109; 0000-0001-9039-8259; 0000-0003-1973-4584; 0000-0002-2652-1985
DP250100171,2025,Active,852831,886241.0,The University of Newcastle,Prof Frini Karayanidis; Prof Mitchell Duncan; Prof Suzanne Snodgrass,0000-0002-3317-9954; 0000-0002-9166-6195; 0000-0003-3515-4758
DP250101405,2025,Active,421502,446683.0,The University of New South Wales,A/Prof Alastair Stewart,0000-0002-2070-6030
DP250100690,2025,Active,528908,550404.0,The Australian National University,Prof Stuart Wyithe; Prof Cathryn Trott; Dr Yuxiang Qin,0000-0001-6324-1766; 0000-0002-4314-1810
DP250101149,2025,Active,536877,548762.0,The University of Melbourne,Prof Yinghui Tian; Prof Mark Cassidy,0000-0002-0874-2346
DP250100643,2025,Active,733179,761961.0,University of South Australia,Prof Sharad Kumar,0000-0001-7126-9814
DP250103776,2025,Active,508427,528739.0,Charles Darwin University,Dr Michaela Spencer; Dr Matthew Campbell; Prof Adrian MacKenzie; Prof Michael Christie,0000-0003-2936-7343; 0000-0002-5709-658X
DP250102207,2025,Active,437000,454352.0,The University of Queensland,Dr Sabrina Burgener,0000-0002-9332-7998
DP250100725,2025,Active,406298,411658.0,Deakin University,A/Prof Timothy Neale; Dr Kari Dahlgren; Prof Matthew Kearnes; Prof Teresa Lea; Dr Christopher Mayes,0000-0003-4703-5801; 0000-0002-3111-8891; 0000-0001-6267-9571; 0000-0002-0444-1466; 0000-0003-2674-6225
DP250101119,2025,Active,689942,720136.0,The Australian National University,Prof Rhodri Davies; A/Prof Maria Seton; Dr Mark Hoggard; Prof Joanne Whittaker,0000-0002-7662-9468; 0000-0001-8541-1367; 0000-0003-4310-3862; 0000-0002-3170-3935
DP250101468,2025,Active,699300,727956.0,The University of New South Wales,Prof Cordelia Selomulya; Dr Yong Wang,0000-0003-3744-912X
DP250103374,2025,Active,565891,588379.0,The University of Queensland,A/Prof Jacinda Ginges; Dr Benjamin Roberts,0000-0003-0390-0891; 0000-0002-0345-6375
DP250100735,2025,Active,615194,637241.0,The Australian National University,Prof Matthew Colless; A/Prof Edward Taylor,0000-0001-9552-8075; 0000-0002-5522-9107
DP250101705,2025,Active,682637,708986.0,University of Wollongong,A/Prof Shane Ellis; Prof Christopher Hyland,0000-0002-3326-5991; 0000-0002-9963-5924
DP250102068,2025,Active,368285,380940.0,Curtin University,Dr Tod Jones; A/Prof Susanna Castleden,0000-0003-3188-8359; 0000-0001-6713-006X
DP250104314,2025,Active,401500,417386.0,University of South Australia,Prof Md Mizanur Rahman; Prof Arul Arulrajah; Prof Andries Fourie,0000-0002-0638-4055; 0000-0003-1512-9803
DP250101781,2025,Active,700332,726519.0,Griffith University,Dr Bartholomew Stanford; Prof Ciaran O'Faircheallaigh,0000-0002-7832-6102
DP250100739,2025,Active,151346,159935.0,The University of New South Wales,A/Prof Ann Kayis-Kumar; Prof Michael Walpole; Prof Jan Breckenridge,0000-0002-3445-9069; 0000-0002-5755-2768; 0000-0002-6379-0607
DP250100418,2025,Active,677659,708728.0,The Australian National University,Dr Kai Xun Chan; Prof Zhong-Hua Chen; Prof Caitlin Byrt,0000-0003-3554-7228; 0000-0002-7531-320X; 0000-0001-8549-2873
DP250100594,2025,Active,699000,724539.0,University of Wollongong,Dr Jacob Lewis; Dr Lisanne Spenkelink,0000-0002-9945-6133; 0000-0002-5511-8757
DP250100461,2025,Active,660397,680909.0,Griffith University,Dr Erin O'Brien; Dr Ainsley Elbra; Dr Martijn Boersma,0000-0003-4593-8951; 0000-0002-1359-7673; 0000-0001-9789-1046
DP250102801,2025,Active,365770,379611.0,Griffith University,Dr Sara Thaichon; A/Prof Isaac Cheah; A/Prof Park Thaichon; Prof Scott Weaven,0000-0002-0976-5179; 0000-0001-5064-7812; 0000-0001-7512-7362; 0000-0001-9150-7111
DP250101460,2025,Active,519771,546638.0,The University of Queensland,Prof Sara Dolnicar; Prof Marius Portmann; Dr Danyelle Greene; Dr Anna Zinn; Dr Siamak Layeghy,0000-0001-5176-3161; 0000-0003-1852-3961; 0000-0001-9568-449X; 0000-0002-3631-0372; 0000-0002-1229-2368
DP250103673,2025,Active,1217672,1270537.0,The University of Queensland,Prof Philip Hugenholtz,0000-0001-5386-7925
DP250102681,2025,Active,730968,765630.0,The Australian National University,A/Prof Damien Farine; Prof Saul Cunningham; Dr Ross Crates,0000-0003-2208-7613; 0000-0003-0703-6893; 0000-0002-7660-309X
DP250100715,2025,Active,1263789,1298519.0,The University of New South Wales,Prof Lynne Bilston; Dr Peter Burke; Dr Bowen Dempsey,0000-0001-8250-9019; 0000-0002-6896-3298; 0000-0002-6441-8794
DP250101885,2025,Active,648006,666385.0,The University of Sydney,Dr Sophia Maalsen; Prof Pauline McGuirk; Prof Robyn Dowling,0000-0001-6384-0785; 0000-0001-8998-2685
DP250101508,2025,Active,1091246,1130794.0,The University of Queensland,Prof Philip Hugenholtz,0000-0001-5386-7925
DP250103019,2025,Active,617128,631566.0,The University of New South Wales,Dr Benjamin Montet; Prof Christopher Tinney,0000-0001-7516-8308; 0000-0002-7595-0970
DP250100522,2025,Active,863257,889323.0,The University of Sydney,Prof Alison Betts; Dr Rebecca Hamilton; Dr Michael Spate,0000-0002-3664-6001; 0000-0002-5443-8353; 0000-0003-2844-735X
DP250102295,2025,Active,646936,672612.0,Griffith University,Prof Katherine Andrews; Dr Ghizal Siddiqui; Dr Alain-Dominique Gorse,0000-0002-1591-8979; 0000-0002-3153-3198
DP250101476,2025,Active,460410,484288.0,Flinders University,A/Prof Martin Breed; Dr Jake Robinson; Dr Craig Liddicoat; Prof Timothy Cavagnaro,0000-0001-7810-9696; 0000-0001-8108-3271; 0000-0002-4812-7524; 0000-0002-9922-5677
DP250101568,2025,Active,423636,433316.0,University of Southern Queensland,Dr Xu Huang; Dr Yanjun Zhou; Prof Duncan Wright; Dr Thomas Evans-Soma,0000-0002-4891-3517; 0000-0001-7294-5386; 0000-0001-5442-1300
DP250103080,2025,Active,662287,691650.0,The University of Sydney,Prof Anita Ho-Baillie; Dr Jueming Bing,0000-0001-9849-4755; 0000-0002-3886-0757
DP250100162,2025,Active,254965,265921.0,The University of Queensland,Dr Antonio Rosato; Dr Zachary Breig,0000-0003-1789-0225; 0000-0002-6755-277X
DP250101510,2025,Active,579272,588733.0,The University of Sydney,Dr Benjamin Marks; Prof Alexander Scheuermann,0000-0003-2928-9349; 0000-0002-5676-5403
DP250101804,2025,Active,758537,788254.0,The University of Melbourne,Prof Benjamin Howden; Prof Linda Blackall; Dr Arash Zamyadi; A/Prof Michael Grace; Dr Rebekah Henry,0000-0003-0237-1473; 0000-0002-0982-8133; 0000-0001-6530-8557
DP250101054,2025,Active,689566,715951.0,The University of Melbourne,Prof Tamara Kohn; Hon Prof Michael Arnold; Prof Martin Gibbs; Dr Bjørn Nansen; Dr Hannah Harewood Gould,0000-0002-1071-4168; 0000-0002-5796-4578; 0000-0002-1990-1955; 0000-0001-6215-8768; 0000-0003-4260-1085
DP250100893,2025,Active,1025000,1055550.0,The Australian National University,Prof Ben Corry; Dr Zijing Zhou,0000-0002-6324-442X
DP250101689,2025,Active,242634,254563.0,The University of Sydney,Prof Christopher Hilliard; Dr Marco Duranti; Dr Isobelle Barrett Meyering,0000-0002-3847-3415; 0000-0001-6846-8505
DP250102186,2025,Active,1076895,1111839.0,The University of Sydney,Dr Claire O'Callaghan; Prof James Shine; Dr Eli Muller,0000-0001-5698-6364; 0000-0003-1762-5499; 0000-0003-2497-0194
DP250104899,2025,Active,638518,661989.0,The University of Western Australia,Dr Hugh Wolgamot; Dr Jana Orszaghova; Dr Nataliia Sergiienko,0000-0003-2722-1340; 0000-0002-3418-398X
DP250104267,2025,Active,570804,593446.0,The University of New South Wales,Prof Dennis Stello,0000-0002-4879-3519
DP250102502,2025,Active,748746,776021.0,Queensland University of Technology,Prof Hongxia Wang; Dr Yang Yang,0000-0003-0146-5259; 0000-0003-1325-7932
DP250100812,2025,Active,768693,796249.0,The University of New South Wales,Prof Rukmi Dutta; Prof Muhammed Rahman; Prof Youguang Guo; Dr Guoyu Chu; A/Prof Victoria Timchenko,0000-0002-8232-3537; 0000-0001-6182-0684; 0000-0001-5466-1515; 0000-0002-1228-5344
DP250104642,2025,Active,693896,715713.0,The University of Adelaide,Dr Amy Clair; Prof Emma Baker; Prof Andrew Beer,0000-0001-5739-183X; 0000-0002-9390-0491; 0000-0002-9255-3985
DP250104145,2025,Active,588188,612823.0,The University of Western Australia,Prof Thomas Wernberg,0000-0003-1185-9745
DP250100937,2025,Active,877410,909315.0,Central Queensland University,Dr Grace Vincent; Prof Sally Ferguson; Dr Madeline Sprajcer; A/Prof Matthew Thomas,0000-0002-7036-7823; 0000-0002-4966-871X
DP250101589,2025,Active,575360,597356.0,The University of New South Wales,A/Prof Kathryn Poole; Prof Boris Martinac,0000-0003-0879-6093
DP250101445,2025,Active,650943,678059.0,The University of Queensland,Dr Caroline Knight; Prof Sharon Parker; Prof Nicole Gillespie,0000-0002-0978-1873
DP250100542,2025,Active,408977,422568.0,Griffith University,Prof Michelle Hood; Prof Peter Creed; Prof Andrea Bialocerkowski; Dr Xi Wen Chan,0000-0002-2240-030X; 0000-0001-5946-5679; 0000-0002-1301-4386
DP250100922,2025,Active,535000,554063.0,RMIT University,A/Prof Huacheng Zhang; Dr Jue Hou,0000-0001-5464-2947; 0000-0003-0325-6979
DP250100973,2025,Active,649361,678313.0,RMIT University,A/Prof Jean-Philippe Tetienne; Prof Igor Aharonovich; Dr David Broadway,0000-0001-5796-2508; 0000-0003-4304-3935; 0000-0002-7375-8766
DP250103135,2025,Active,523011,536234.0,The University of Sydney,Prof Stefan Williams; A/Prof Thierry Peynot; Dr Donald Dansereau,0000-0001-9416-5639; 0000-0003-2540-1639
DP250104637,2025,Active,494844,506906.0,The University of Queensland,Prof Jianhua Guo; Dr Katherine Bowerman,0000-0002-4732-9175; 0000-0003-2339-114X
DP250102885,2025,Active,672413,698828.0,Queensland University of Technology,Prof Cheng Yan; Prof Zhanying Zhang,0000-0002-8041-0389
DP250102887,2025,Active,683413,710561.0,Queensland University of Technology,Prof Cheng Yan; Dr Michael Jones; Dr Konstantin Faershteyn,0000-0002-0720-8715
DP250100407,2025,Active,195000,206812.0,The University of Melbourne,Prof Simon Loertscher,0000-0003-1138-3775
DP250102550,2025,Active,740000,768961.0,The University of Queensland,Prof Matthew Sweet,0000-0002-0406-8139
DP250101089,2025,Active,527724,542021.0,The University of Melbourne,Prof Brock Bastian; Dr Kelly Kirkland,0000-0003-4619-3322; 0000-0001-7286-6506
DP250103980,2025,Active,570767,594020.0,The University of New South Wales,A/Prof Zi (Sophia) Gu; Dr Siddulu Naidu Talapaneni,
DP250101240,2025,Active,588278,613099.0,Deakin University,Prof Emily Potter; Prof Donna Houston; A/Prof Fiona Miller; A/Prof Brigid Magner,0000-0002-4171-3002; 0000-0003-3181-3517; 0000-0003-4427-6466; 0000-0003-2294-2958
DP250101811,2025,Active,526117,546060.0,RMIT University,Prof Leslie Yeo; A/Prof Ravichandar Babarao,0000-0002-5949-9729; 0000-0003-3556-495X
DP250100514,2025,Active,598386,627980.0,The University of Sydney,Prof Manfred Lenzen; Dr Mengyu Li; Prof Thomas Wiedmann; Dr Cameron Allen,0000-0002-6791-1170; 0000-0002-6395-8887; 0000-0001-9954-6684
DP250100527,2025,Active,510011,529880.0,The Australian National University,Prof Uri Onn; Dr David Baraglia; Dr Ian Le; A/Prof Masoud Kamgarpour,0000-0001-6787-7147; 0000-0001-6751-0898; 0000-0001-9522-256X
DP250102084,2025,Active,748781,767967.0,Queensland University of Technology,Prof Paula McDonald; A/Prof Penelope Williams; A/Prof Ben Matthews,0000-0002-3549-4691; 0000-0002-2680-9129; 0000-0003-1128-729X
DP250101244,2025,Active,625501,659143.0,The University of Sydney,Prof Abbas El-Zein; Prof Balwant Singh; A/Prof Pierre Rognon,0000-0002-9751-2971; 0000-0001-7071-2247
DP250101036,2025,Active,435000,452108.0,The University of Queensland,Prof Fred Roosta; Dr Lindon Roberts,0000-0002-6920-7072; 0000-0001-6438-9703
DP250100955,2025,Active,677700,705532.0,The University of New South Wales,Prof Chongmin Song; Prof Ean Tat Ooi,0000-0001-8791-9068
DP250104537,2025,Active,671006,692096.0,The Australian National University,A/Prof Bram Slagmolen; Prof Phil Cummins,0000-0002-2471-3828
DP250101137,2025,Active,577752,600718.0,The University of New South Wales,Prof Jie Bao,0000-0002-6774-9863
DP250103453,2025,Active,547886,568744.0,The University of Adelaide,Dr Thomas Fallon,0000-0002-6495-5282
DP250102044,2025,Active,742533,758686.0,The University of New South Wales,Prof Justine Nolan; Prof Natalie Klein; Prof Shelley Marshall,0000-0002-9744-020X; 0000-0003-4059-3309
DP250102643,2025,Active,675265,697912.0,The University of New South Wales,Prof Natalie Klein; Prof Sarah Williams,
DP250100728,2025,Active,448919,474213.0,The Australian National University,A/Prof Francesco Ricatti; Prof Nathalie Nguyen; Prof Tanya Evans; Dr Alexandra Dellios; Dr Liz Allen,0000-0002-0745-7287; 0000-0002-5468-1759; 0000-0003-3701-9736; 0000-0002-3485-005X
DP250100890,2025,Active,417743,429600.0,The University of Melbourne,A/Prof Peter Koval; Prof Vassilis Kostakos,0000-0003-2460-0943; 0000-0003-2804-6038
DP250101112,2025,Active,483000,501574.0,The University of New South Wales,Prof Guoyin Li; Prof Vaithilingam Jeyakumar,0000-0002-2099-7974
DP250100762,2025,Active,572736,594721.0,The University of Sydney,Dr Daniel Tubbenhauer; A/Prof Kevin Coulembier,0000-0001-7265-5047; 0000-0003-0996-3965
DP250101852,2025,Active,728736,760252.0,The University of New South Wales,A/Prof Terry Frankcombe; Prof Yun Liu; Dr Cheng Yang,0000-0002-5404-3909; 0000-0002-2497-7014
DP250100184,2025,Active,532363,553355.0,Macquarie University,A/Prof Rita Matulionyte; Prof Farah Magrabi; Prof Amin Beheshti,0000-0002-5202-1351; 0000-0002-8426-5588; 0000-0002-5988-5494
DP250101443,2025,Active,833154,868191.0,The University of Sydney,Dr Gareth Bryant; Dr Sophie Webber; Dr Benjamin Spies-Butcher; Dr Claire Parfitt; Dr Svenja Keele,0000-0002-7597-4622; 0000-0002-0427-5082; 0000-0002-5205-5746; 0000-0001-8363-9165
DP250100824,2025,Active,595956,601359.0,The University of Melbourne,A/Prof Ting Xue; Prof Kari Vilonen,0000-0003-4231-2910
DP250103140,2025,Active,500021,517865.0,James Cook University,Dr Helena Radke; Prof Michelle Ryan; Dr Emina Subasic,0000-0002-9451-1535; 0000-0003-1091-9275; 0000-0001-7987-4859
DP250101190,2025,Active,618971,640658.0,RMIT University,Dr Amy Gelmi,0000-0003-1636-6448
DP250102748,2025,Active,610710,640776.0,The University of Queensland,Dr David Gildfind; Prof Timothy McIntyre; Dr Tristan Vanyai,0000-0003-1678-2660; 0000-0002-6590-3564; 0000-0002-5248-2545
DP250101530,2025,Active,656338,681344.0,The University of Sydney,Prof Hala Zreiqat,
DP250100104,2025,Active,765067,788588.0,The University of New South Wales,Prof Marc Wilkins; Dr Joshua Hamey,0000-0002-0463-8955
DP250102415,2025,Active,532924,543018.0,The University of New South Wales,A/Prof Yang Shen; A/Prof Jonathan Ziveyi,0000-0002-0559-2231; 0000-0001-9029-8039
DP250101655,2025,Active,552481,562614.0,The University of Sydney,A/Prof Pierre Rognon; Prof David Airey; Dr Benjamin Marks,0000-0001-7071-2247; 0000-0002-1474-0697; 0000-0003-2928-9349
DP250100304,2025,Active,597196,621362.0,Southern Cross University,Prof Edward Burton; A/Prof Luke Mosley; Prof Robert Fitzpatrick,0000-0002-9628-089X; 0000-0002-7446-8955
DP250100582,2025,Active,506636,525847.0,RMIT University,Prof Ibrahim Khalil; Dr Xiaoyu Xia,0000-0001-5512-114X; 0000-0003-3526-3217
DP250100343,2025,Active,486393,501743.0,The University of Sydney,Dr Joanne Gray; Prof Marcus Carter; Dr Ben Egliston,0000-0001-5425-4979; 0000-0002-4866-4928; 0000-0002-7878-7208
DP250100738,2025,Active,708401,733663.0,The University of Western Australia,Prof Rob Atkin; Prof Gregory Warr; Prof Debbie Silvester; Dr Karolina Matuszek,0000-0001-8781-7854; 0000-0002-6893-1253; 0000-0002-7678-7482; 0000-0001-8979-5927
DP250100850,2025,Active,629178,654895.0,Queensland University of Technology,A/Prof Laura Bray; Prof Carlos Salomon,0000-0002-1174-0018; 0000-0003-4474-0046
DP250103993,2025,Active,724942,753685.0,University of South Australia,Prof Anthony Elliott AM,0000-0002-0765-4467
DP250101962,2025,Active,619744,643897.0,The University of New South Wales,Prof Pauline Grosjean; Dr Ieda Rodrigues Matavelli; A/Prof Victoria Baranov,0000-0003-4777-6466
DP250100366,2025,Active,592000,615829.0,Queensland University of Technology,Dr Qianqian Yang; A/Prof Viktor Vegh,0000-0002-4331-5059; 0000-0002-4310-1421
DP250101228,2025,Active,715617,741417.0,La Trobe University,Prof Andy Herries; A/Prof Justin Adams; Dr Angeline Leece,0000-0002-2905-2002; 0000-0002-6214-9850; 0000-0003-3348-3726
DP250104787,2025,Active,1269449,1295389.0,The University of Western Australia,Prof Hongqi Sun,0000-0003-0907-5626
DP250103212,2025,Active,657915,684065.0,The University of Queensland,Dr Melanie White,0000-0002-7399-8348
DP250100134,2025,Active,929546,979041.0,Australian Catholic University,Prof Susan Edwards; Prof Michael Henderson; Prof Jane Page; Prof Amanda Third; Dr Victoria Minson,0000-0002-5945-0597; 0000-0002-6389-8300; 0000-0002-2310-4051; 0000-0002-4437-0340; 0000-0001-9999-0582
DP250103542,2025,Active,558403,580741.0,Deakin University,Prof Ying Ian Chen; Dr Baozhi Yu; Dr Xuequan Lu,0000-0002-7322-2224; 0000-0002-4401-7141; 0000-0003-0959-408X
DP250100998,2025,Active,767243,796618.0,Griffith University,A/Prof Thomas Ve; Dr Santosh Rudrawar,0000-0002-0113-1905; 0000-0002-4548-6433
DP250100698,2025,Active,686295,706377.0,Flinders University,Prof Karin Nordstrom,0000-0002-6020-6348
DP250104387,2025,Active,644976,672539.0,Griffith University,Prof Michael Simmonds; Prof Daniel Kolarich; Dr Lennart Kuck; A/Prof Jason Peart,0000-0001-8145-6787; 0000-0002-8452-1350; 0000-0003-2394-6547; 0000-0002-1027-9995
DP250102499,2025,Active,455058,469771.0,The University of Queensland,Prof Nicholas Carah; Dr Thao Phan; Prof Mark Andrejevic,0000-0002-0378-1303; 0000-0002-2013-3359
DP250101095,2025,Active,445000,462108.0,Queensland University of Technology,Prof Scott McCue; Dr Michael Dallaston,0000-0001-5304-2384; 0000-0001-8993-6961
DP250102285,2025,Active,214000,217666.0,Australian Catholic University,Dr Michael Hanaghan; A/Prof Stephen Carlson; Prof Bronwen Neil,0000-0002-5055-703X; 0000-0002-9519-6389
DP250101822,2025,Active,735082,775010.0,The University of New South Wales,Prof Jill Bennett; Prof Michael Thielscher; Mr Volker Kuchelmeister,
DP250100818,2025,Active,626397,651540.0,The University of Melbourne,Prof Celia McMichael; Dr Annah Piggott-McKellar; Prof Karen McNamara,0000-0002-4572-602X; 0000-0002-2810-9812; 0000-0002-4511-8403
DP250101771,2025,Active,328469,345659.0,Macquarie University,Prof Tom Smith; Prof Yin Liao; A/Prof Di Bu; Dr Natasha Fernandes; Prof Niloufer Selvadurai,0000-0002-5343-0579; 0000-0002-8714-6808; 0000-0002-9212-7839; 0000-0002-0426-7357
DP250100324,2025,Active,838583,867759.0,The Australian National University,Prof Cressida Fforde; Prof Daryle Rigney; A/Prof Steve Hemming; Prof Craig Longman,0000-0001-5095-5444; 0000-0002-9642-9906; 0000-0002-3284-1264; 0000-0002-4718-9838
DP250100058,2025,Active,546940,568938.0,The University of Melbourne,Prof David Bissell; Prof Ilan Wiesel,0000-0002-7244-1775
DP250102621,2025,Active,483108,502166.0,RMIT University,Prof Alice Payne; A/Prof Tiziana Ferrero-Regis; Dr Zoe Mellick,0000-0002-1570-6378; 0000-0003-4673-2680; 0000-0002-8101-1742
DP250100078,2025,Active,538596,547269.0,The University of New South Wales,Prof Qihe Tang; Prof Elise Payzan-LeNestour,0000-0002-5985-8939; 0000-0001-8658-3208
DP250101273,2025,Active,567816,596012.0,University of Southern Queensland,Prof Robert Wittenmyer; Prof Jonathan Horner,0000-0002-1160-7970
DP250103952,2025,Active,550000,571385.0,The Australian National University,Dr Mat Langford; Prof James McCoy; Prof Benjamin Andrews,0000-0001-6053-5144
DP250100714,2025,Active,518288,541663.0,The University of New South Wales,Dr Shuhua Peng; Dr Liya Zhao; Dr Tao Wan,0000-0002-6229-4871; 0000-0001-9345-8624
DP250101265,2025,Active,201638,209940.0,The Australian National University,A/Prof Amanda Laugesen; Dr Karen Fox,0000-0002-3290-6574; 0000-0001-5308-930X
DP250101269,2025,Active,550392,577196.0,The University of Queensland,Dr Martin Ploschner; A/Prof Jiawen Li; Dr Clarissa Whitmire,0000-0001-8818-6070; 0000-0001-5789-4293
DP250100819,2025,Active,679667,706444.0,The University of Melbourne,Prof Spencer Williams,0000-0001-6341-4364
DP250101215,2025,Active,655607,675294.0,RMIT University,Dr Nicholas Reynolds; Dr Sarah Annesley; Prof Thiruma Arumugam; Dr Eugeniu Balaur,0000-0003-4360-1335; 0000-0002-7604-3985; 0000-0002-3377-0939; 0000-0003-4029-2055
DP250101942,2025,Active,1020143,1059674.0,The University of Sydney,Prof Julie Cairney; Dr Ranming Niu; A/Prof Patrick Burr,0000-0001-8190-552X; 0000-0003-4796-9110
DP250100297,2025,Active,573990,596100.0,University of Wollongong,Prof Aidan Sims; Prof Jacqui Ramagge; Dr Nathan Brownlowe,0000-0002-1965-6451; 0000-0001-9376-5712
DP250101107,2025,Active,831600,865522.0,The University of Sydney,A/Prof Ronald Clarke; Prof Frances Separovic; Prof Boris Martinac; Dr Sameer Kulkarni,0000-0002-6484-2763; 0000-0001-5896-9568
DP250101828,2025,Active,650167,676333.0,The University of Melbourne,Dr Johanna Knapp; Dr Jock McOrist,0000-0001-7715-6175; 0000-0001-6005-5431
DP250100300,2025,Active,472682,491521.0,The University of Melbourne,Prof Dragan Nesic,
DP250101122,2025,Active,1193746,1229897.0,University of Tasmania,Prof Anya Reading; Dr Tobias Staal; Dr Felicity McCormack,0000-0002-4323-6748; 0000-0002-2324-2120
DP250103808,2025,Active,594228,617217.0,Macquarie University,Dr Paul Bryan; Prof Benjamin Andrews; Dr Julie Clutterbuck,0000-0001-8155-6091
DP250104633,2025,Active,616215,640462.0,The University of New South Wales,Prof Sean Li; Prof Shujun Zhang; Dr Junjie Shi,0000-0001-6139-6887; 0000-0002-8460-2361
DP250103477,2025,Active,900265,935525.0,The University of Queensland,Dr Larisa Labzin; Prof Ricardo Soares Magalhaes,0000-0001-9098-4493; 0000-0001-9157-8470
DP250103199,2025,Active,551600,574192.0,The University of Melbourne,Prof Jan de Gier; A/Prof Sophie Hautphenne; A/Prof Michael Wheeler,0000-0001-5415-3318; 0000-0002-8361-1901; 0000-0001-5403-3914
DP250102495,2025,Active,2175460,2227220.0,Western Sydney University,Prof Gerard Goggin; Prof Kathleen Ellis; Prof Jennifer Smith-Merry; Prof Simon Darcy; Prof Paul Harpur; Prof Bree Hadley; Prof Michael Kent; A/Prof Dinesh Wadiwel; Dr Natasha Layton; A/Prof Mary-Ann O'Donovan; Prof Scott Avery,0000-0002-2954-5309; 0000-0001-9560-2378; 0000-0002-6705-2652; 0000-0002-3350-0381; 0000-0002-1923-6481; 0000-0002-3549-3808; 0000-0002-1939-1975; 0000-0002-3213-8069; 0000-0002-3378-5305; 0000-0001-5286-2022
DP250100753,2025,Active,679839,705920.0,The University of New South Wales,Dr Martin Peeks; Prof Leslie Field,0000-0002-9057-9444
DP250100971,2025,Active,481928,502494.0,RMIT University,A/Prof Amgad Rezk; A/Prof Hamid Arandiyan; Dr Peter Sherrell,0000-0002-3556-5621; 0000-0001-5633-3945; 0000-0003-4644-6238
DP250100822,2025,Active,827760,858600.0,The University of Sydney,Prof Gregory Warr; Prof Rob Atkin; Dr Haihui Joy Jiang,0000-0002-6893-1253; 0000-0001-8781-7854; 0000-0002-7302-755X
DP250102188,2025,Active,966533,1003970.0,The University of Melbourne,Prof Frank Caruso; Prof Irene Yarovsky; Dr Yi Ju,0000-0002-0197-497X; 0000-0002-4033-5150; 0000-0003-0103-1207
DP250100932,2025,Active,730000,751996.0,Deakin University,Prof Severine Lamon; Prof Vincent Harley; Prof Nir Eynon; A/Prof David Scott; Dr Steven O'Bryan,0000-0002-3271-6551; 0000-0002-2405-1262; 0000-0003-4046-8276; 0000-0001-5226-1972; 0000-0001-8094-640X
DP250103550,2025,Active,780000,809328.0,University of Southern Queensland,A/Prof Sambasivam Periyannan; Prof Levente Kiss,0000-0002-5421-2872; 0000-0002-4785-4308
DP250103141,2025,Active,556004,576959.0,The University of Queensland,Dr Steffen Bollmann; Dr Lena Oestreich,0000-0002-2909-0906; 0000-0002-4978-7794
DP250100648,2025,Active,784652,806534.0,Flinders University,Prof Nick Spencer,
DP250103648,2025,Active,254018,264184.0,University of Tasmania,A/Prof Alessandro Antonello,0000-0002-7549-1436
DP250100702,2025,Active,625494,655077.0,Monash University,A/Prof Anastasios Panagiotelis; Prof George Athanasopoulos; Dr Hung Ho-Nguyen; Prof Robin Hyndman; Prof Petr Radchenko,0000-0001-8678-7294; 0000-0003-4464-7730; 0000-0001-8826-9239
DP250103133,2025,Active,699465,731288.0,The University of New South Wales,A/Prof Robert Weatheritt; Prof Eduardo Eyras; Dr Nikolay Shirokikh; Dr Ksenia Skvortsova,0000-0003-3716-1783; 0000-0003-0793-6218; 0000-0001-8249-358X; 0000-0003-1400-1998
DP250101306,2025,Active,512052,537577.0,The University of Sydney,Prof Fariba Dehghani; Dr Sepehr Talebian; Dr Sina Naficy,0000-0002-4735-0986
DP250100603,2025,Active,378678,391105.0,Australian Catholic University,A/Prof Kylie Crabbe; Dr Estelle Strazdins; Dr Sarah Gador-Whyte; Dr Tatiana Bur,0000-0002-5223-4138; 0000-0002-7792-5111; 0000-0003-2935-653X; 0000-0001-6474-6344
DP250100019,2025,Active,457623,476630.0,Deakin University,Prof Tim Silk; Dr Nandita Vijayakumar; Prof Sarah Whittle; Dr Michelle Byrne,0000-0002-7290-512X; 0000-0002-5622-9547; 0000-0003-3145-1528; 0000-0002-4180-8095
DP250100074,2025,Active,512091,533951.0,Queensland University of Technology,A/Prof Michelle Riedlinger; Prof Peta Mitchell; Dr Jake Goldenfein; Prof Jean Burgess; Dr Aaron Snoswell; Dr Kevin Witzenberger,0000-0003-4402-4824; 0000-0003-4523-6685; 0000-0002-0242-8559; 0000-0002-4770-1627; 0000-0003-0960-0144; 0000-0002-7643-701X
DP250104554,2025,Active,400731,418692.0,The University of Western Australia,Prof Kathryn Modecki; Prof Bep Uink; Prof Allison Waters; Prof Melanie Zimmer-Gembeck; Prof Lara Farrell; Prof Caroline Donovan,0000-0002-9937-9748; 0000-0002-4030-6261; 0000-0003-2453-793X; 0000-0002-4231-2227; 0000-0001-6380-635X
DP250104625,2025,Active,520686,540549.0,University of South Australia,A/Prof Erik Champion; Dr Anna Kotarba; A/Prof Kelly Greenop; Prof Martin Gibbs,0000-0002-5362-6176; 0000-0002-0069-3834; 0000-0003-2145-5277; 0000-0001-8158-7613
DP250104755,2025,Active,579372,610205.0,The Australian National University,Prof Michael Ireland; A/Prof Ludovic Rapp; Prof Steve Madden,0000-0002-6194-043X; 0000-0002-9256-2048; 0000-0003-3146-285X
DP250103613,2025,Active,750292,778759.0,University of South Australia,A/Prof Philip Gregory; Dr Katherine Pillman,0000-0002-0999-0632; 0000-0002-5869-889X
DP250101690,2025,Active,500072,516015.0,James Cook University,Prof Jan Strugnell; A/Prof Ira Cooke,0000-0003-2994-637X; 0000-0001-6520-1397
DP250103225,2025,Active,426446,437954.0,The University of Queensland,Prof Shahar Hameiri; Dr Kelly Gerard; Dr Annabel Dulhunty,0000-0001-7262-2448; 0000-0002-4725-6703; 0000-0002-1962-2470
DP250100778,2025,Active,581236,604724.0,The University of New South Wales,Prof Danyang Wang; Prof Shujun Zhang; Dr Aditya Rawal; Dr Jack Yang,0000-0002-7883-8001; 0000-0001-6139-6887; 0000-0003-3589-6807
DP250103889,2025,Active,594127,618411.0,Macquarie University,Prof Shujuan Huang; Prof Xiaoke Yi; Dr Binesh Puthen Veettil,0000-0003-3468-4773; 0000-0001-9701-0034
DP250100166,2025,Active,805228,838222.0,The University of Queensland,Dr Peter Crisp; Prof Lee Hickey; Prof Emma Mace; Prof David Jordan; Prof Ian Godwin,0000-0002-3655-0130; 0000-0001-6909-7101; 0000-0002-5337-8168
DP250100871,2025,Active,561608,575085.0,The University of Sydney,Prof Michele Ford; A/Prof Aim Sinpeng; A/Prof Petr Matous; A/Prof Jie Yin,0000-0002-4917-6758; 0000-0002-6140-6843; 0000-0002-2063-8437
DP250101982,2025,Active,457500,467642.0,Australian Catholic University,Dr Yaegan Doran; Prof Len Unsworth; Prof James Martin,0000-0002-3611-5702
DP250100658,2025,Active,624591,657090.0,The University of Sydney,Prof Steven Armfield; A/Prof Nicholas Williamson; Prof Simon Mitrovic,0000-0001-7246-8356
DP250103393,2025,Active,681211,711432.0,The University of Sydney,Dr Jasmine Fardouly; Dr Marilyn Bromberg; Em/Prof Marika Tiggemann; A/Prof Paul Harrigan; A/Prof Delia Hendrie,0000-0001-5648-6757; 0000-0002-9827-3095; 0000-0001-9729-5543; 0000-0003-2419-3153; 0000-0001-5022-5281
DP250102421,2025,Active,420862,427181.0,University of Tasmania,Prof Xiaolin Wang; Prof Michael Negnevitsky; A/Prof Quang Ha,0000-0003-4293-7523; 0000-0002-5130-419X; 0000-0003-0978-1758
DP250104954,2025,Active,663709,690934.0,The University of Melbourne,Prof Emily Nicholson,0000-0003-2199-3446
DP250103627,2025,Active,908968,949555.0,The University of Queensland,Prof Ross Cunnington; Prof Markus Barth,0000-0002-0520-1843
DP250100454,2025,Active,723881,751997.0,The University of Sydney,Prof Dr Xiaohuan Zhao; Prof Dr Duanfang Lu,
DP250103567,2025,Active,387346,402716.0,University of the Sunshine Coast,A/Prof Tianfang Wang; Prof Scott Cummins; Prof Travis Beddoe,0000-0002-4876-7767; 0000-0002-1454-2076; 0000-0003-4550-2277
DP250101973,2025,Active,359272,373560.0,The University of Melbourne,Prof Jason Mackenzie; Prof Peter White; Dr Alice McSweeney,
DP250103558,2025,Active,765000,799216.0,The University of Sydney,A/Prof Khoon Lim; A/Prof Giselle Yeo; A/Prof Andrew Hoy,0000-0002-2486-196X; 0000-0001-6071-8899; 0000-0003-3922-1137
DP250100907,2025,Active,825974,856627.0,The University of Sydney,Prof Yuan Chen,0000-0001-9059-3839
DP250102961,2025,Active,414908,434660.0,The University of Sydney,A/Prof Sarina Sarina; Dr Chung Nguyen,0000-0003-1559-0456; 0000-0002-5171-4447
DP250100118,2025,Active,793945,822851.0,The University of Sydney,Dr Reuben Rideaux; Prof David Alais,
DP250104172,2025,Active,729225,765885.0,The Australian National University,Dr Andrew Scafaro,0000-0003-3738-1145
DP250103149,2025,Active,440780,456285.0,The University of Queensland,Dr Richard Martin,
DP250100708,2025,Active,719024,750447.0,The University of New South Wales,A/Prof Jarryd Pla; A/Prof Arne Laucht,0000-0002-7152-3453; 0000-0001-7892-7963
DP250101368,2025,Active,578318,601710.0,The University of New South Wales,Prof William Donald; A/Prof Anna Wang,0000-0002-6622-8193; 0000-0002-2148-1996
DP250100141,2025,Active,446165,450862.0,The University of New South Wales,Dr Anna Ukkola; Prof Andrew Pitman,0000-0003-1207-3146
DP250100827,2025,Active,534923,554043.0,The University of New South Wales,Prof Deborah Lupton; Prof Mark Davis; Dr Kerryn Drysdale,0000-0003-2658-4430; 0000-0003-4075-0466; 0000-0001-5545-290X
DP250100311,2025,Active,612547,637053.0,RMIT University,A/Prof Andrew Martin; A/Prof Nadia Zatsepin; Prof Paul Ramsland,0000-0003-3704-1829; 0000-0003-1757-0205; 0000-0002-2107-2738
DP250101834,2025,Active,492573,500317.0,The Australian National University,Prof Giles Hirst; Prof Gillian Yeo; Prof Sharon Parker; Prof Nicole Gillespie,0000-0001-9173-6096; 0000-0002-0978-1873
DP250103825,2025,Active,685781,711824.0,Flinders University,Prof Robert Edwards; Dr Vijini Mallawaarachchi,0000-0001-8383-8949; 0000-0002-2651-8719
DP250100663,2025,Active,1004964,1053956.0,University of Canberra,Dr Leonie Wain; Dr Melissa Marshall; Dr Tristen Jones; Prof Penelope King; Prof Dikai Liu; Prof Andrei Rode; Dr Ksenia Maximova,0000-0003-3258-1068; 0000-0002-3431-9007; 0000-0002-2962-674X; 0000-0002-8364-9168; 0000-0002-9869-9782; 0000-0001-9531-8529
DP250104149,2025,Active,1538324,1571562.0,Charles Darwin University,Prof Sam Banks; Prof Brett Murphy; Prof John Woinarski; Dr Teigan Cremona; Prof Sarah Legge,0000-0003-2415-0057; 0000-0001-7041-5189; 0000-0001-6968-2781
DP250102634,2025,Active,510636,530825.0,Deakin University,Prof Yong Xiang; Dr Leo Zhang,
DP250102489,2025,Active,470095,488583.0,The University of New South Wales,Dr Liao Wu; A/Prof Zongyuan Ge,0000-0002-4554-7638; 0000-0002-5880-8673
DP250104390,2025,Active,513848,534845.0,Edith Cowan University,Prof David Suter,0000-0001-6306-3023
DP250101611,2025,Active,567116,589333.0,The University of New South Wales,Prof Catherine Greenhill; Dr Mikhail Isaev; A/Prof Anita Liebenau; Prof Brendan McKay; Prof Ian Wanless,0000-0001-6998-2282; 0000-0002-5703-0951; 0000-0002-2840-0546; 0000-0002-3553-0496; 0000-0001-8085-0387
DP250100305,2025,Active,762116,804800.0,The University of Sydney,A/Prof Andrew Merchant,0000-0001-8979-6786
DP250102939,2025,Active,666653,695430.0,The University of Adelaide,Dr Tatiana Soares da Costa; Dr Lesley Cheng,0000-0002-6275-7485; 0000-0002-8075-6144
DP250101791,2025,Active,836572,868316.0,The Australian National University,Prof Mahananda Dasgupta; Dr Edward Simpson,0000-0002-1677-9421
DP250104303,2025,Active,702936,731141.0,Curtin University,Prof Dr Zongping Shao,
DP250104816,2025,Active,439448,445065.0,The University of New South Wales,Prof Jeremy Moss; A/Prof Fei Huang,0000-0002-6478-863X
DP250100531,2025,Active,623279,647842.0,The University of Melbourne,Dr Iliana Medina,0000-0002-1021-5035
DP250101065,2025,Active,901633,941213.0,The University of Melbourne,Prof Greg Qiao; Prof Kate Smith-Miles; Dr Elnaz Hajizadeh,0000-0003-2718-7680; 0000-0001-7679-2233
DP250101371,2025,Active,939699,963084.0,The University of Melbourne,A/Prof Tania King; Prof Belinda Hewitt; Prof Lyndall Strazdins; Prof Anthony LaMontagne; Dr Humaira Maheen; Prof Gavin Turrell,0000-0002-1201-2485; 0000-0002-2525-8708; 0000-0002-5811-5906; 0000-0002-7474-7727
DP250104174,2025,Active,999608,1026318.0,Batchelor Institute of Indigenous Tertiary Education,A/Prof John Guenther; Dr Robyn Ober; Prof Rhonda Oliver; Dr Catherine Holmes,0000-0002-0080-1698; 0000-0001-6233-8750; 0000-0002-0248-3654
DP250101888,2025,Active,461067,477303.0,The University of Adelaide,Prof Amanda Nettelbeck; A/Prof Carolyn Holbrook; Dr Leah Lui-Chivizhe; A/Prof Benjamin Mountford; A/Prof Emma Robertson,0000-0002-3327-998X; 0000-0002-5945-6403; 0000-0002-5429-2921; 0000-0001-6193-0082
DP250100530,2025,Active,412152,428834.0,The University of Sydney,Dr Thomas White; A/Prof Tanya Latty; A/Prof Kate Umbers,0000-0002-3976-1734; 0000-0002-9375-4527
DP250100615,2025,Active,819000,853460.0,Flinders University,Dr Yee Lian Chew,0000-0001-6078-9312
DP250104259,2025,Active,618299,644154.0,The University of Adelaide,Prof Yan Jiao,0000-0003-1329-4290
DP250102124,2025,Active,558761,587092.0,The University of Sydney,Prof Gianluca Ranzi; Prof Priyan Mendis,0000-0003-4068-8201
DP250100986,2025,Active,745000,774328.0,The University of Queensland,Prof Geoffrey Faulkner; Dr Charles Bell,0000-0001-5769-4494; 0000-0003-2194-8311
DP250100393,2025,Active,480409,498798.0,La Trobe University,Prof Jodi Oakman; Prof Amanda Cooklin; Prof Melissa Graham; A/Prof Liana Leach; Dr Katrina Lambert,0000-0002-0484-8442; 0000-0003-4268-9267; 0000-0002-0927-0002; 0000-0003-3686-2553; 0000-0002-9079-999X
DP250100112,2025,Active,672905,699500.0,The Australian National University,Prof Robert Mahony; Dr Timothy Molloy; Prof Girish Nair,0000-0002-7803-2868; 0000-0002-6797-5617
DP250101200,2025,Active,582603,602016.0,The University of Queensland,Prof Derek Arnold,0000-0003-1027-6222
DP250101401,2025,Active,724734,754037.0,The University of New South Wales,A/Prof Kang Liang; A/Prof Jiangtao Xu; Dr Jieying Liang; Dr Aditya Rawal,0000-0003-3985-7688; 0000-0002-9020-7018; 0000-0003-1959-9917
DP250103150,2025,Active,352234,362943.0,Charles Sturt University,Prof Jia Tina Du; Prof Helen Partridge,0000-0002-3243-5768
DP250101435,2025,Active,176420,180239.0,The University of Queensland,Dr Jenny Munro,0000-0003-4869-6986
DP250104611,2025,Active,525225,546301.0,The University of Western Australia,Dr Luke Davies; Prof Aaron Robotham,0000-0003-0429-3579
DP250101050,2025,Active,875853,911495.0,The University of Sydney,A/Prof Thomas Roberts; Dr Claudia Keitel; A/Prof Tina Bell; Dr Ali Khoddami; Dr Rebecca Cross; A/Prof Floris van Ogtrop,0000-0003-3831-3240; 0000-0003-3101-7529; 0000-0002-1690-2725; 0000-0002-1774-0000; 0000-0003-3582-5996; 0000-0002-5505-3869
DP250102563,2025,Active,340744,365971.0,Curtin University,A/Prof Nadim Darwish; Prof Simone Ciampi; A/Prof Melanie MacGregor,0000-0002-6565-1723; 0000-0002-8272-8454; 0000-0002-8671-181X
DP250101069,2025,Active,459602,474214.0,The University of Melbourne,Prof Michael Smith; Prof David Frazier,0000-0002-3446-2516
DP250104864,2025,Active,737676,764870.0,The University of Melbourne,Dr Christopher Goodman; Prof Stuart Ralph,0000-0002-8923-7594; 0000-0003-0114-7808
DP250100497,2025,Active,597818,622908.0,The University of Melbourne,Prof Christina Lim; Prof Elaine Wong; Prof Ampalavanapillai Nirmalathas,0000-0002-2561-3482; 0000-0001-7328-5359
DP250102461,2025,Active,668000,692684.0,The University of Sydney,Dr Jemma Todd; Prof Ann Louise Sharpe,0000-0002-4962-0847; 0000-0002-8790-6272
DP250101763,2025,Active,339908,353550.0,The Australian National University,Prof Iman Shames; Dr Timothy Molloy; Dr Philipp Braun,0000-0001-7308-3546; 0000-0002-6797-5617; 0000-0002-9619-1483
DP250100855,2025,Active,507271,529267.0,The University of Queensland,Prof Bronwyn Laycock; Prof Susanne Schmidt; Prof Steven Pratt; Prof Paul Lant; Dr Ian Levett,0000-0002-0251-844X; 0000-0001-8369-1238; 0000-0003-1030-9039; 0000-0002-5164-686X
DP250102432,2025,Active,697582,724322.0,The University of Queensland,Prof Bronwyn Laycock; Prof Paul Lant; A/Prof Paul Dennis; Prof Steven Pratt; Dr Clement Matthew Chan,0000-0002-0251-844X; 0000-0002-4895-3105; 0000-0003-1030-9039; 0000-0001-5464-4790
DP250100536,2025,Active,619780,643854.0,Swinburne University of Technology,Prof Chengfei Liu,
DP250100860,2025,Active,509809,530725.0,Griffith University,Prof Shu-Kay Angus Ng; A/Prof Hien Nguyen,0000-0002-6865-9384; 0000-0002-9958-432X
DP250103482,2025,Active,584498,606744.0,James Cook University,Prof David Bourne; Prof David Miller; Dr Laura Rix,0000-0002-1492-8710; 0000-0002-1888-6597
DP250101028,2025,Active,722523,749467.0,Flinders University,Prof Krasimir Vasilev; Prof John Hayball; Dr Richard Bright; A/Prof Kerrilyn Diener,0000-0002-3089-4506; 0000-0003-1988-0725; 0000-0001-8417-5542
DP250104587,2025,Active,410028,424103.0,La Trobe University,A/Prof Piers Gooding; Prof Neeraj Gill; Prof Chris Maylea,0000-0001-5743-5708; 0000-0003-2106-9843; 0000-0003-3688-0487
DP250103363,2025,Active,241436,254537.0,The University of Melbourne,Dr Daniel Fan,0000-0002-9765-3379
DP250100022,2025,Active,670775,705854.0,The University of Sydney,Prof Clare McArthur; Prof Peter Banks; Dr Malcolm Possell; Dr Catherine Price,0000-0002-7867-414X; 0000-0001-5376-8433; 0000-0001-9631-2479
DP250102383,2025,Active,770078,800200.0,The University of Western Australia,Prof Li Ju; A/Prof Chunnong Zhao; Em/Prof David Blair; Dr Carl Blair,0000-0001-5825-2401; 0000-0002-1501-2405; 0000-0003-4566-6888
DP250101469,2025,Active,614000,639051.0,The University of New South Wales,Prof Till Boecking; Dr James Walsh; Prof Paul Curmi,0000-0003-1165-3122; 0000-0003-0447-2323
DP250104479,2025,Active,497847,517881.0,Queensland University of Technology,Prof Dr Aijun Du,0000-0002-3369-3283
DP250102552,2025,Active,602667,626206.0,The University of Melbourne,Dr Mario Kieburg; Prof Peter Forrester,0000-0001-8864-6022
DP250102623,2025,Active,561127,596166.0,The University of Queensland,A/Prof Garth Stahl; Prof James Smith; Prof Murray Drummond; A/Prof Kootsy (Justin) Canuto; Dr Mair Underwood,0000-0002-1800-8495; 0000-0002-7348-4881; 0000-0002-7971-4625
DP250104014,2025,Active,418171,435956.0,The University of Queensland,A/Prof Garth Stahl; Prof James Smith; Prof Murray Drummond; A/Prof Kootsy (Justin) Canuto; Dr Mair Underwood; A/Prof Elizabeth Edwards,0000-0002-1800-8495; 0000-0002-7348-4881; 0000-0002-7971-4625; 0000-0002-7549-205X
DP250103176,2025,Active,892451,929144.0,The University of New South Wales,A/Prof Katherine Moseby; Dr Todd McWhorter; Prof Patricia Fleming,0000-0003-0691-1625; 0000-0002-4746-4975; 0000-0002-0626-3851
DP250103207,2025,Active,627538,651737.0,The University of Sydney,Prof Xiaozhou Liao,0000-0001-8565-1758
DP250101080,2025,Active,535000,555774.0,The University of Western Australia,Prof Serena Dipierro; Prof Enrico Valdinoci; Dr Valentina-Mira Wheeler; Dr Glen Wheeler,0000-0003-3314-5647
DP250101794,2025,Active,403272,418735.0,The University of Adelaide,Prof Lisa Hill,
DP250104980,2025,Active,780000,806884.0,The University of Melbourne,A/Prof Vihandha Wickramasinghe,0000-0002-9438-3457
DP250102180,2025,Active,1081809,1123542.0,The University of Sydney,Prof Jody Webster; Prof Helen McGregor; Prof Gregory Webb; A/Prof Tristan Salles,0000-0002-0005-6448; 0000-0002-4031-2282; 0000-0002-9206-978X; 0000-0001-6095-7689
DP250103284,2025,Active,625342,649093.0,La Trobe University,Prof Marija Tabain,0000-0002-1193-1244
DP250104711,2025,Active,1342738,1382558.0,The University of Western Australia,Prof Francis Mitrou; Dr Vincent Mancini; A/Prof Jacqui Macdonald; Dr Jan Kabatek; Dr Zac Seidler; Em/Prof Stephen Zubrick,0000-0002-6639-2030; 0000-0002-4845-8104; 0000-0001-9451-2709; 0000-0002-5947-7941; 0000-0002-6854-1554; 0000-0002-6369-1713
DP250103927,2025,Active,501636,521458.0,The University of New South Wales,Prof Jiankun Hu,0000-0003-0230-1432
DP250102223,2025,Active,345000,358442.0,The University of Sydney,Prof Julia Kindt,
DP250100431,2025,Active,534527,554930.0,Macquarie University,A/Prof Magdalena Raban; Prof Johanna Westbrook; A/Prof Annie Lau; Dr Amy Nguyen,0000-0002-6995-2849; 0000-0003-1083-8192; 0000-0002-3028-4222; 0000-0003-4603-564X
DP250102628,2025,Active,641610,666088.0,The University of New South Wales,Prof Richard Kemp; Prof Jill Hunter,
DP250102398,2025,Active,402221,423722.0,University of South Australia,Prof Yan Zhuge; Prof Thuy (Kate) Nguyen; Dr Jun-Jie Zeng; Dr Yue Liu; Prof Guomin Zhang,0000-0003-1620-6743; 0000-0002-1825-4127; 0000-0003-0893-6623
DP250100067,2025,Active,500419,523832.0,The University of Melbourne,Prof David Bissell; Prof Leah Ruppanner; Dr Brendan Churchill,0000-0002-6111-1914; 0000-0003-3625-4574
DP250100886,2025,Active,767430,792446.0,University of Tasmania,Dr Linda Armbrecht; Dr João Teixeira; Dr Jane Younger; A/Prof Christopher Bolch,0000-0002-1213-1257; 0000-0001-6417-4702; 0000-0001-5974-7350; 0000-0001-9047-2391
DP250100125,2025,Active,526283,549277.0,RMIT University,Dr Philipp Reineck; Prof Jared Cole; Dr Blanca del Rosal Rabes,0000-0003-1549-937X; 0000-0002-8943-6518; 0000-0001-9174-8097
DP250101335,2025,Active,650000,675662.0,The University of Newcastle,A/Prof Susan Hua; Dr Hayley Stannard; A/Prof Joanne Connolly,0000-0001-7840-3115; 0000-0002-6657-5435; 0000-0002-8797-1007
DP250101477,2025,Active,965408,1004508.0,University of the Sunshine Coast,Prof Robert Harvey; Dr Nela Durisic,0000-0001-5956-6664; 0000-0002-7668-1039
DP250101662,2025,Active,844766,876978.0,University of the Sunshine Coast,Prof Robert Harvey; A/Prof Kate Mounsey; Prof Robert Vandenberg; Prof Megan O'Mara,0000-0001-5956-6664; 0000-0003-0579-9424; 0000-0003-1523-4814; 0000-0002-8764-1585
DP250101090,2025,Active,683324,702705.0,Macquarie University,Prof Bronwyn Carlson; A/Prof Debbie Bargallie; A/Prof David Nolan; Dr Archie Thomas,0000-0002-3825-743X; 0000-0002-4878-6407; 0000-0001-5445-5543; 0000-0002-5460-5641
DP250100240,2025,Active,849473,880352.0,The University of Melbourne,Prof Daniel Hatters,0000-0002-9965-2847
DP250102112,2025,Active,594791,618525.0,The University of Queensland,Prof Christophe Fumeaux; Dr Sasan Ahdi Rezaeieh,0000-0002-7416-4775
DP250101953,2025,Active,564099,587142.0,The University of Sydney,Prof Frank Seebacher; Prof Martin Wechselberger,
DP250101740,2025,Active,924198,942298.0,The University of Western Australia,Prof Shayne Loft; Dr Luke Strickland; Prof Simon Farrell; Dr Vanessa Bowden,0000-0002-5434-0348; 0000-0002-6071-6022; 0000-0001-5553-3400
DP250102236,2025,Active,338513,347659.0,The University of Melbourne,Dr Katharine Greenaway,0000-0002-0271-5312
DP250102020,2025,Active,639416,663882.0,Curtin University,A/Prof Natasha Hurley-Walker,0000-0002-5119-4808
DP250102518,2025,Active,544078,566301.0,The University of Adelaide,Prof Ching Tai Ng; Prof Andrei Kotooussov; Dr Tingyuan Yin,0000-0003-4638-2756; 0000-0001-9337-5095; 0000-0002-6593-474X
DP250102917,2025,Active,514201,533978.0,The University of Queensland,Prof Tamara Davis; Dr Cullan Howlett; Dr Samuel Hinton,0000-0002-4213-8783; 0000-0002-1081-9410; 0000-0003-2071-9349
DP250103027,2025,Active,1486788,1547187.0,University of Canberra,A/Prof Jonathan Pickering; A/Prof Madeline Taylor; Prof David Schlosberg; A/Prof Amanda Tattersall,0000-0002-1862-3623; 0000-0003-3649-3188; 0000-0003-0001-8633
DP250100183,2025,Active,601303,625087.0,La Trobe University,Dr Dean Murphy; Prof Kane Race; Prof Andrew Gorman-Murray,
DP250104903,2025,Active,707360,738405.0,The University of Newcastle,Prof Brett Graham,0000-0002-8070-0503
DP250100117,2025,Active,343172,354960.0,Queensland University of Technology,A/Prof Anna Hogan; Dr Naomi Barnes; Prof Greg Thompson,0000-0003-1934-2548; 0000-0002-4049-1866; 0000-0003-0484-8175
DP250103280,2025,Active,824458,838714.0,The University of Sydney,A/Prof Marian Vidal-Fernandez; Dr Jordi Vidal-Robert,0000-0002-2510-9075; 0000-0001-7014-9810
DP250102847,2025,Active,508255,528090.0,The University of Queensland,A/Prof Rowan Young,0000-0001-7437-8944
DP250103014,2025,Active,503489,521787.0,RMIT University,Dr Jessica Balanzategui; Dr César Albarrán Torres; Prof Ingrid Richardson; A/Prof Jordy Kaufman,0000-0002-2612-6862; 0000-0002-1285-0147; 0000-0001-8448-5778; 0000-0001-9881-371X
DP250102263,2025,Active,820290,853703.0,The University of Queensland,Prof Mark Schembri; Prof Begoña Heras,0000-0003-3469-7988
DP250101866,2025,Active,187754,196408.0,The University of New South Wales,Prof Mina Roces,
DP250104928,2025,Active,580387,604842.0,Macquarie University,Prof Yijiao Jiang; Dr Doudou Zhang; Dr Heping Shen,0000-0002-6191-9825; 0000-0001-8784-5599; 0000-0002-8409-8839
DP250100201,2025,Active,710000,739083.0,The University of Melbourne,A/Prof Benjamin Parker; Prof Natalie Sims,0000-0003-1421-8468
DP250101864,2025,Active,675452,701038.0,The University of Queensland,Prof Craig Williams; A/Prof Jeffrey Harmer,0000-0002-3834-7398; 0000-0003-4583-2401
DP250102923,2025,Active,649793,673504.0,The University of Queensland,Prof Matthew Davis,0000-0001-8337-0784
DP250103127,2025,Active,696475,725276.0,The University of Melbourne,Prof Sarah Bell; A/Prof Crystal Legacy,0000-0001-5289-4358; 0000-0002-8687-7297
DP250101254,2025,Active,715254,736061.0,The University of New South Wales,Prof Ashish Sharma; Prof Lucy Marshall; Dr Hae Na Yoon,0000-0002-6758-0519; 0000-0003-0450-4292; 0000-0002-1844-2291
DP250100676,2025,Active,755000,784572.0,The University of Melbourne,Prof Michael Parker,0000-0002-3101-1138
DP250101359,2025,Active,547873,575760.0,The University of Sydney,Prof Yiming Ying; Prof Dingxuan Zhou,0000-0001-7345-6672; 0000-0003-0224-9216
DP250104311,2025,Active,637673,663321.0,The University of Sydney,Prof Dr Jun Huang; Dr Lizhuo Wang,0000-0001-8704-605X; 0000-0002-3370-5037
DP250101739,2025,Active,480422,499281.0,The University of Sydney,A/Prof Vincent Gramoli; Prof Alan Fekete; A/Prof Qiang Tang,0000-0003-3804-5450
DP250102282,2025,Active,591594,615691.0,The University of Queensland,Prof Michael Monteiro; Prof Megan O'Mara; Dr Julie McAuley,0000-0001-5624-7115; 0000-0002-8764-1585; 0000-0003-2493-3465
DP250102606,2025,Active,563965,590218.0,The University of Melbourne,Prof Devi Stuart-Fox,0000-0003-3362-1412
DP250103407,2025,Active,776747,806482.0,The University of Melbourne,Prof Geoffrey McFadden; Dr Christopher Goodman,0000-0002-5351-1627; 0000-0002-8923-7594
DP250103698,2025,Active,765837,798640.0,Macquarie University,Prof Jonathan Lawrence,
DP250102381,2025,Active,640586,666414.0,The University of Melbourne,Dr Hayley Cameron; Prof Dustin Marshall,0000-0001-5004-6646
DP250101047,2025,Active,1118145,1143126.0,The University of New South Wales,Prof John Gooding; Dr Minkyung Kang,0000-0002-5398-0597; 0000-0003-3248-8496
DP250103346,2025,Active,659673,686543.0,The University of Melbourne,Prof Dan Li; Dr Mengran Li,0000-0003-3461-5751; 0000-0001-7858-0533
DP250100373,2025,Active,633867,658330.0,The University of Melbourne,Prof Phillip Urquijo; Prof Eric Thrane,0000-0002-0887-7953; 0000-0002-4418-3895
DP250104922,2025,Active,606405,620119.0,The University of Melbourne,Prof Kim Felmingham; Prof Amy Jordan; Dr Elise McGlashan; Prof Benjamin Harrison,0000-0002-0749-538X; 0000-0001-8561-9766; 0000-0002-3864-7198; 0000-0002-2226-2074
DP250103234,2025,Active,697299,724559.0,Western Sydney University,Prof Richard (Chunhui) Yang; Prof Yixia (Sarah) Zhang; Prof Wenyi Yan; Prof Brian Falzon,0000-0001-5598-958X; 0000-0003-1912-8277; 0000-0001-9006-6270
DP250103500,2025,Active,836987,864386.0,The University of Melbourne,Dr Susan Christo; Prof Laura Mackay,0000-0002-0139-7105; 0000-0002-8496-6632
DP250102690,2025,Active,580336,603047.0,The University of Melbourne,Prof Nicholas Haslam,0000-0002-1913-2340
DP250101051,2025,Active,898289,923574.0,Queensland University of Technology,Prof Amanda Lotz; Prof Anna Potter; A/Prof Stephen Harrington,0000-0002-6220-6501; 0000-0002-0475-8172; 0000-0001-5340-1906
DP250101513,2025,Active,604172,633245.0,La Trobe University,A/Prof Kirsty Forsdike; Prof Simone Fullagar; Prof Alexandra Parker; Dr Mary Woessner; Prof Leesa Hooker,0000-0001-7725-0831; 0000-0002-2398-6306; 0000-0001-7001-8407; 0000-0002-4499-1139
DP250101934,2025,Active,647384,672501.0,The University of Melbourne,Prof Tuan Ngo; Dr Tuan Nguyen; Prof Huu-Tai Thai,0000-0002-9831-8580; 0000-0003-0415-4798; 0000-0002-4461-9548
DP250104808,2025,Active,504070,517515.0,Western Sydney University,Prof Denis Byrne; Prof Gay Hawkins; Prof Lara Lamb,
DP250103322,2025,Active,756218,785234.0,The University of Melbourne,Prof Evdokia Dimitriadis; Dr Wei Zhou; A/Prof Mark Green,0000-0003-1425-950X; 0000-0001-9636-7963; 0000-0002-6076-9781
DP250103426,2025,Active,598555,622176.0,Western Sydney University,Prof Scott Johnson; Dr Yolima Carrillo,0000-0002-8388-8345
DP250104551,2025,Active,608491,631595.0,The Australian National University,Prof Fedor Iskhakov,0000-0002-9312-5122
DP250104871,2025,Active,626022,655214.0,Queensland University of Technology,Prof Dr Huai-Yong Zhu; Prof Eric Waclawik; A/Prof Wayde Martens,0000-0003-3276-0365; 0000-0002-0959-6838
DP250100943,2025,Active,720518,749721.0,James Cook University,Prof Lucas Cernusak; Prof Graham Farquhar,0000-0002-7575-5526
DP250102035,2025,Active,450019,461455.0,The University of Queensland,Dr Peter Evans; Dr Sally Shrapnel,0000-0003-0214-4748
DP250101073,2025,Active,591176,615859.0,The University of Sydney,Prof Charles Warren; A/Prof Andrew Holmes; Dr Alistair Senior,0000-0002-0788-4713; 0000-0001-9805-7280
DP250104494,2025,Active,767899,802147.0,Torrens University Australia,Prof Paul Ward; Prof Megan Warin; Prof Sarah MacLean; Dr Belinda Lunnay; Prof Catherine Palmer,0000-0002-5559-9714; 0000-0002-8329-0722; 0000-0002-9103-0445; 0000-0001-8345-7556
DP250104965,2025,Active,565816,587627.0,The University of Melbourne,Prof Sanming Zhou; Dr Binzhou Xia,0000-0002-8031-2981
DP250102294,2025,Active,359134,364458.0,The University of Sydney,Prof Dr Onur Kesten,0000-0002-9684-4093
DP250103607,2025,Active,528617,549945.0,The University of Melbourne,Prof Zhe Liu,0000-0002-5282-7945
DP250103666,2025,Active,678966,704952.0,The University of New South Wales,Prof Kate Quinlan; Prof Merlin Crossley,0000-0002-5722-8183; 0000-0003-2057-3642
DP250100450,2025,Active,691000,718739.0,The University of Melbourne,Dr Shabih Shakeel,0000-0003-3651-6087
DP250101021,2025,Active,843458,877217.0,Queensland University of Technology,Prof Ottmar Lipp; Dr Camilla Luck; Prof Allison Waters; Dr Luke Ney,0000-0001-6734-8608; 0000-0002-9364-1418; 0000-0003-2453-793X; 0000-0003-0209-8366
DP250103594,2025,Active,604909,629052.0,The University of Western Australia,Prof Arcady Dyskin; Prof Elena Pasternak,0000-0002-8522-143X
DP250102459,2025,Active,446000,469462.0,The University of New South Wales,Dr Ksenia Skvortsova; A/Prof Cecile King,0000-0003-1400-1998; 0000-0003-2193-2563
DP250104228,2025,Active,998754,1038972.0,The Australian National University,A/Prof Raymond Tobler; Prof Susan O'Connor; Dr Shimona Kealy,0000-0002-4603-1473; 0000-0002-0646-1313
DP250102214,2025,Active,461729,480236.0,The Australian National University,A/Prof Stuart Bedford; A/Prof Christopher Ballard; Dr Rosey Billington; A/Prof Nicholas Thieberger,0000-0001-6476-5617; 0000-0002-8455-6908; 0000-0003-2708-5027; 0000-0001-8797-1018
DP250104339,2025,Active,1282104,1318098.0,Macquarie University,A/Prof Ajay Narendra; Prof Marie Herberstein,0000-0002-1286-5373
DP250104538,2025,Active,450000,468330.0,The Australian National University,Prof Nicholas Barnes,0000-0002-9343-9535
DP250100309,2025,Active,547113,569304.0,The University of New South Wales,Prof Ruhul Sarker; Dr Saber Elsayed,0000-0002-1363-2774; 0000-0003-0836-6122
DP250100848,2025,Active,499601,522809.0,The University of Sydney,Prof Deanna D'Alessandro; Prof Girish Lakhwani; Dr Carol Hua,0000-0002-1497-2543; 0000-0003-1070-5859; 0000-0002-4207-9963
DP250103783,2025,Active,495000,515163.0,The University of Sydney,A/Prof Bing Zhou; A/Prof Wei Bao; A/Prof Nguyen Tran; Prof Zhiyong Wang,0000-0003-1874-1766; 0000-0001-7323-9213; 0000-0002-8043-0312
DP250104905,2025,Active,399621,413635.0,James Cook University,A/Prof Simon Foale; Dr Michael Wood; Prof Paul Nelson; Dr Jennifer Gabriel; Prof Marcus Sheaves,0000-0003-0809-872X; 0000-0002-6216-142X; 0000-0002-0615-6407; 0000-0002-5889-3716
DP250103686,2025,Active,1114960,1155756.0,Curtin University,Prof Raphael Viscarra Rossel; Prof Kingsley Dixon; Dr Sarah Sapsford,0000-0003-1540-4748; 0000-0001-6019-5063
DP250101514,2025,Active,560043,583269.0,The University of New South Wales,A/Prof Xiaopeng Li; Prof Michael Ferry,0000-0003-2541-8027
DP250104964,2025,Active,385359,401412.0,The University of Sydney,A/Prof Hao Zhang; Dr Cao Wang,0000-0002-2802-1394
DP250102201,2025,Active,468166,483295.0,University of Wollongong,Dr Andrew Warren; Prof Christopher Gibson; A/Prof Leah Gibbs,0000-0003-1022-7578; 0000-0002-7242-8255; 0000-0003-3231-9238
DP250100723,2025,Active,503043,524025.0,The University of Queensland,A/Prof Stephen Carleton; Prof Christopher Hay; A/Prof Adelle Sefton-Rowston,0000-0002-3385-9394; 0000-0001-8507-3556; 0000-0002-3441-0062
DP250102568,2025,Active,289886,300021.0,Curtin University,Prof Dr Axel Schmitt; Dr Luc Doucet; Prof Fred Jourdan; Dr Denis Fougerouse,0000-0002-7542-0582; 0000-0001-5626-4521
DP250103324,2025,Active,682141,697942.0,The University of Western Australia,Prof Graeme Cumming,0000-0002-3678-1326
DP250102562,2025,Active,475184,493809.0,The University of Sydney,Dr Daniel Huber; Prof Timothy Bedding,0000-0001-8832-4488; 0000-0001-5222-4661
DP250103036,2025,Active,683000,710861.0,Deakin University,Prof Matthew Symonds; A/Prof Michael Weston; Prof Lee Rollins,0000-0002-9785-6045; 0000-0002-8717-0410; 0000-0002-3279-7005
DP250101526,2025,Active,426684,444064.0,The Australian National University,Prof Christoph Federrath,0000-0002-0706-2306
DP250101688,2025,Active,717251,742786.0,The University of New South Wales,Prof Christopher Pettit; Prof Bill Randolph; Dr Ryan van den Nouwelant,0000-0002-1328-9830; 0000-0001-6740-9933
DP250102252,2025,Active,727100,755335.0,The University of Adelaide,Prof Zaiping Guo; Dr Shilin Zhang; Dr Gemeng Liang; Dr Kaihua Wen,0000-0002-3268-5708; 0000-0002-2302-4932; 0000-0002-2497-4307
DP250104143,2025,Active,543084,565205.0,The Australian National University,Prof Michael Sherburn,0000-0001-5098-0703
DP250104770,2025,Active,647816,669661.0,Macquarie University,A/Prof Darrell Kemp; Dr Yuri Ogawa,0000-0002-5845-5513; 0000-0002-9708-7063
DP250103951,2025,Active,247596,257278.0,The Australian National University,Prof Prashant Bordia; Dr Rajiv Amarnani; Prof Patrick Raymund James Garcia,0000-0002-4280-8724; 0000-0002-3697-5980; 0000-0002-1451-0752
DP250103634,2025,Active,566337,588015.0,Queensland University of Technology,Prof Clinton Fookes; A/Prof Simon Denman; Dr Maryam Haghighat; Dr Dimity Miller; Em/Prof Sridha Sridharan; Dr Kien Nguyen,0000-0002-8515-6324; 0000-0002-0983-5480; 0000-0002-2080-8483; 0000-0001-6312-8325; 0000-0002-3466-9218
DP250101806,2025,Active,725261,756141.0,The University of New South Wales,Prof Andrea Morello; Dr Danielle Holmes,0000-0001-7445-699X; 0000-0001-7040-5538
DP250102392,2025,Active,480554,497795.0,Macquarie University,Prof Paul Formosa; A/Prof Rita Matulionyte; A/Prof Sarah Bankins; Dr Raphaël Millière,0000-0002-7490-0242; 0000-0002-5202-1351; 0000-0003-2290-3086; 0000-0001-6965-6073
DP250100831,2025,Active,690669,718743.0,The University of Queensland,Dr Sean Coakley,0000-0002-2750-5426
DP250102162,2025,Active,956929,989309.0,Griffith University,Prof Howard Wiseman; Dr Nora Tischler; A/Prof Eric Cavalcanti,0000-0002-4048-2185; 0000-0001-9627-0520
DP250104939,2025,Active,567803,589590.0,The University of New South Wales,Prof Nasser Khalili; Dr Babak Shahbodagh; Dr Mohsen Mousavi,0000-0002-7624-6731; 0000-0002-0436-5176
DP250103259,2025,Active,781756,792011.0,The University of Queensland,Prof Amin Abbosh; Dr Lei Guo,0000-0002-8015-5883; 0000-0003-4340-5801
DP250103847,2025,Active,553437,575100.0,RMIT University,Prof Qian Ma; Prof Martin Leary; Prof Milan Brandt; A/Prof Andy Song,0000-0001-9705-6913; 0000-0002-2135-1681
DP250103852,2025,Active,563722,585624.0,RMIT University,Prof Qian Ma; Prof Milan Brandt; Prof Raj Das; Dr Yunhui Chen,0000-0001-9705-6913; 0000-0001-9977-6201; 0000-0002-1684-2507
DP250101639,2025,Active,915547,951545.0,The University of Queensland,Prof Massimo Hilliard,
DP250103235,2025,Active,693889,722740.0,The University of Adelaide,Dr Cameron Shearer; A/Prof Tak Kee; Prof Rebecca Robker,0000-0002-8192-3696; 0000-0002-4907-4663
DP250102853,2025,Active,582472,606723.0,University of Tasmania,Prof Matt King; Prof Poul Christoffersen,0000-0001-5611-9498; 0000-0003-2643-8724
DP250103040,2025,Active,561156,588513.0,University of Wollongong,A/Prof Andrew Schmulow; Prof Jeannie Paterson; Prof Elise Bant; Prof Therese Wilson; Prof Jason Harris; Dr Nicola Howell,0000-0003-3347-474X; 0000-0002-4224-6485; 0000-0001-7099-4694; 0000-0003-1886-5304
DP250104567,2025,Active,842802,868510.0,The University of Queensland,Prof Felicity Meakins; Prof Myfany Turpin; Prof Linda Barwick,0000-0003-4487-4351; 0000-0003-0395-6756; 0000-0002-4832-7147
DP250101878,2025,Active,623948,649381.0,University of Tasmania,Prof Poul Christoffersen; Dr Sue Cook; Dr Hongyuan Liu; Prof Andrew Chan,0000-0003-2643-8724; 0000-0001-9878-4218; 0000-0002-5437-4695; 0000-0003-0042-8448
DP250103378,2025,Active,653891,679923.0,The University of Queensland,Prof Bernard Carroll; A/Prof Li Li; Prof Neena Mitter; Dr Anne Sawyer; Dr Christopher Brosnan; Dr Andrew Eamens,0000-0001-6545-858X; 0000-0002-8892-2098; 0000-0002-6589-985X
DP250103877,2025,Active,1134690,1157783.0,The University of Sydney,A/Prof Federico Maggi; Prof Alexander McBratney; Prof Budiman Minasny; Prof Damien Field,0000-0002-7878-8112; 0000-0002-1182-2371; 0000-0002-6877-8332
DP250103991,2025,Active,1094000,1137991.0,The University of New South Wales,A/Prof Cecile King; A/Prof Robert Weatheritt,0000-0003-2193-2563; 0000-0003-3716-1783
DP250104934,2025,Active,458417,476481.0,The University of New South Wales,Prof Jingling Xue,
DP250104856,2025,Active,704099,715867.0,Western Sydney University,Prof Brett Neilson; Prof Ned Rossiter; Prof Teresa Lea; Prof Anna Cristina Pertierra; Dr Sean Dockray,0000-0003-0710-2109; 0000-0002-0444-1466; 0000-0003-4410-5528; 0000-0002-1955-9192
DP250102777,2025,Active,618677,642246.0,The University of Sydney,Prof Assaad Masri; A/Prof Agisilaos Kourmatzis,0000-0003-3932-0370
DP250103420,2025,Active,751276,780499.0,The University of Adelaide,A/Prof Jonathan Tyler; Dr Haidee Cadd; Dr Linda Armbrecht; Dr Alexander Francke; Prof Michelle Waycott,0000-0001-8046-0215; 0000-0001-5770-3557; 0000-0002-1213-1257; 0000-0002-0370-5802; 0000-0002-0822-0564
DP250102625,2025,Active,523425,544746.0,Griffith University,Prof Jun Zhou; Prof Kuldip Paliwal,0000-0001-5822-8233
DP250101324,2025,Active,551903,573486.0,The University of New South Wales,A/Prof Georgios Konstantinou; A/Prof Hemanshu Pota; Prof Saad Mekhilef,0000-0002-4313-1647; 0000-0001-8544-8995
DP250100584,2025,Active,882000,903507.0,Flinders University,Prof Penny Edmonds; Prof Deirdre Coleman,0000-0002-2272-446X
DP250102379,2025,Active,309360,319807.0,Edith Cowan University,Prof Lelia Green; A/Prof Debra Dudek,0000-0003-4587-4679; 0000-0003-2882-8830
DP250100980,2025,Active,629104,657263.0,RMIT University,Prof Baohua Jia,0000-0002-6703-477X
DP250104166,2025,Active,734581,765354.0,The University of Sydney,Prof Qing Li; Dr Jianguang Fang,0000-0002-7930-2145; 0000-0003-0119-6108
DP250103360,2025,Active,525902,545627.0,The University of Sydney,Prof Simon Ho,0000-0002-0361-2307
DP250102216,2025,Active,455037,462623.0,University of Wollongong,Prof Nan Seuffert; Dr Sarah Ailwood; Prof Cassandra Sharp; A/Prof Jane Wangmann,0000-0002-0489-5521; 0000-0002-9015-5668; 0000-0002-0812-4214
DP250104187,2025,Active,1050000,1086660.0,The University of New South Wales,Prof Tri Phan,0000-0002-4909-2984
DP250105019,2025,Declined,737466,,,A/Prof Rodrigo Suarez,0000-0001-5153-5652
DP250103047,2025,Active,755887,786437.0,The University of Western Australia,Prof Charles Bond; Prof Ian Small,0000-0001-5300-1216
DP250103655,2025,Active,787204,816786.0,The University of Queensland,Dr Rosemary Cater,0000-0003-4503-002X
DP250100677,2025,Active,353564,361311.0,Charles Sturt University,Prof Philip Hider; Dr Simon Wakeling; Dr Amber Marshall,0000-0001-6015-4958; 0000-0002-0611-9083; 0000-0002-2354-4284
DP250102645,2025,Active,664105,689640.0,The University of Sydney,Prof Nathan Lo; Prof Simon Ho; Dr Melissa Carew,0000-0003-2176-2840; 0000-0002-0361-2307
DP250102570,2025,Active,661834,685986.0,The University of Adelaide,Prof Alan Collins; Dr Morgan Blades,0000-0002-3408-5474; 0000-0002-4653-4476
DP250102864,2025,Active,431402,446541.0,University of Tasmania,Prof Jan McDonald; Dr Manon Simon,0000-0002-9220-3969
DP250104103,2025,Active,551479,575363.0,The University of Queensland,Prof Christopher Clarkson,0000-0002-8938-8974
DP250103954,2025,Active,515565,535035.0,The University of Western Australia,Prof Gillian Yeo; A/Prof Serena Wee,0000-0001-9173-6096; 0000-0002-1609-7359
DP250104110,2025,Active,1106062,1144617.0,La Trobe University,Prof Marco Herold; Dr Emily Lelliott,0000-0001-7539-7581; 0000-0002-5028-6938
DP250102931,2025,Active,635938,660675.0,The University of Sydney,Prof Kurt Iveson; A/Prof Maria de Lourdes Melo Zurita,0000-0002-2362-4743; 0000-0002-8842-5542
DP250104463,2025,Active,482778,492251.0,Swinburne University of Technology,A/Prof Lily (Yali) Li,0000-0001-6764-4749
DP240100013,2024,Active,524034,572456.0,The Australian National University,Prof Mark Humphrey; Dr Daniel Preston,0000-0002-4433-6783; 0000-0002-1093-8153
DP240100014,2024,Active,451254,491460.0,Curtin University,Prof Debbie Silvester,0000-0002-7678-7482
DP240100017,2024,Active,518026,564394.0,University of Wollongong,Prof Willy Susilo; Dr Yannan Li,0000-0002-1562-5105; 0000-0002-4407-9027
